"collection title","accession id","accession date"
"Allen, Sue and Greer. Collection","gwstjc1jzzfk9","2015-01-27T16:35:12.236794"
"Amberg, Alan, Gay History Collection. Digital Collection","jnmvw164drv6c","2012-11-12T13:03:32.123237"
"American Association for Public Opinion Research. Records","hg2t9mx37x6zn","2013-12-09T14:35:26.115486"
"American Association for Public Opinion Research. Records","g8gffpvg1g1d9","2013-12-17T10:35:09.772892"
"American Association for Public Opinion Research. Records","4sd58104j8r6w","2014-12-01T13:58:18.763887"
"American Association for Public Opinion Research. Records","1hx66z7rr3fjg","2015-02-12T11:44:49.338367"
"American Association for Public Opinion Research. Records","0109jsfrztdcf","2015-09-29T10:42:05.362470"
"American Environmental Photographs. Digital Collection","acq6q9q0t50","2008-03-19T14:40:54"
"American Recipes. Digital Collection","ac62b2x158k","2011-03-29T14:38:01"
"Anania, Michael. Digital Collection","zcnsv73v9482n","2012-11-12T13:11:42.015218"
"Anastaplo, George. Papers","b46qm824q9fg5","2014-05-16T13:25:46.131100"
"Anastaplo, George. Papers","5wkj5tfc8mf7m","2015-02-05T15:34:10.802439"
"Anders, Edward. Papers","g9cmp99trrkbj","2015-02-06T15:54:37.188748"
"Anderson, William H. and the Anti-Saloon League. Digital Collection","acp2w18638n","2011-03-29T14:49:47"
"Archicofradía del Santísimo Sacramento y Caridad. Digital Collection","f6f9vmkgpvtw1","2011-09-13T09:24:14"
"Archival Monographs. Digital Collection","q0sv101h5j954","2012-03-28T17:32:01"
"Archival Photographic Files Series II, II Addenda, III and IV Metadata [obsolete]","ac000000001","2008-04-03T13:04:09"
"Archival Photographic Files [obsolete]","ac37k748g5t","2008-03-19T14:40:54"
"Archival Photographic Files, Series: II [obsolete]","ac39k16692f","2008-03-19T14:40:54"
"Archival Photographic Files, Series: VI  [obsolete]","acq2s1k561r","2010-12-14T13:23:18"
"Audio Collection, Cassettes. Digital Collection ","sg7sk74gdfpf1","2012-11-12T15:44:58.454776"
"Audio Collection, Cassettes. Digital Collection ","d20xq4zgw0kjg","2014-04-24T13:48:01.545365"
"Audio Collection, Harper Tapes. Digital Collection ","zvzhx8f385ts1","2012-11-12T16:48:34.616931"
"Audio Collection, Harper Tapes. Digital Collection ","xsszvf745d4bs","2014-09-23T12:30:56.294017"
"Audio Collection, Office of Radio and Television, Conversations at Chicago. Digital Collection ","jsn8n2g1tfc04","2012-09-20T10:12:49"
"Audio Collection, Office of Radio and Television, Conversations at Chicago. Digital Collection ","s8v75fkh6wmjf","2012-11-07T16:19:28.417782"
"Audio Collection, Office of Radio and Television, From the Midway. Digital Collection","mcdw38tw5rnnx","2012-09-25T15:54:23"
"Audio Collection, Office of Radio and Television, From the Midway. Digital Collection","1f36sths5qqc2","2013-08-28T15:20:00.780802"
"Audio Collection, Office of Radio and Television, From the Midway. Digital Collection","w1scq55t5qvnd","2014-09-23T12:46:09.522074"
"Audio Collection, Office of Radio and Television, From the Midway. Digital Collection","ms8rnx1z2c93s","2015-09-14T12:20:31.107393"
"Audio Collection, Reel Tapes. Digital Collection","06fwk0pg11v7b","2012-11-12T16:24:08.722274"
"Audio Collection, Wire Recordings. Digital Collection ","47mc2b2h629pn","2012-11-12T16:54:51.120912"
"Austen, Ralph. Papers","xpgx1bt2n50s7","2014-06-26T12:02:51.351445"
"Bakwin, Dr. Harry and Dr. Ruth Morris Bakwin. Soviet Posters. Digital Collection","r94w93dw5ncv2","2012-11-27T09:55:02.465878"
"Baldwin, Loammi. Digital Collection","act0g8f4m4f","2011-03-29T14:54:05"
"Beck, Robert. Papers","sd6x0wsrs148x","2014-12-30T12:44:23.184221"
"Beck, Robert. Papers","dcqnv0whd3fkv","2015-09-30T09:42:12.171764"
"Bekker, Immanuel. Digital Collection","s7tt6hd03r7fc","2011-09-19T15:39:48"
"Bellow, Saul. Digital Collection","3b4gj9sbjwsnt","2012-12-12T16:12:07.514941"
"Bertola, Wayne. Collection","1p9dtkxz86fq0","2013-09-09T16:09:10.789849"
"Bogue, Donald J. Papers","mtz731rccspmh","2015-01-27T17:01:39.907683"
"Bogue, Donald J. Papers","zjc2thq1r6w9f","2015-01-28T09:41:41.764392"
"Brainerd, Mary Bowen. Digital Collection","xtpbs9b10stbm","2011-09-19T09:13:15"
"Browning, Don. Papers","h09rqc97p7fn0","2015-01-28T11:26:01.349321"
"Browning, Don. Papers","tp8gt1f7hs43f","2015-09-18T12:00:58.983778"
"Butler-Gunsaulus. Digital Collection","mjgv7cd59tqdt","2013-04-08T09:40:04.362626"
"Caballero, Fernan. Digital Collection","znswmhzbtz867","2011-10-31T15:57:04"
"Camille, Michael. Papers","xv93p5w640729","2015-02-09T12:29:20.841751"
"Camille, Michael. Papers","dgr2rq782s1dh","2015-08-27T14:58:14.114773"
"Campus Publications Digital Collection","mr4bj958qs5dc","2011-06-10T14:08:00"
"Campus Publications Digital Collection","j7nt8hx3hwzd5","2011-06-10T11:32:48"
"Campus Publications Digital Collection","2s71kqkg89fgq","2011-06-15T11:07:01"
"Campus Publications Digital Collection","6v70z39j9vgc2","2011-06-16T11:44:33"
"Campus Publications Digital Collection","cfjgj31g02gg0","2011-06-20T10:35:43"
"Campus Publications Digital Collection","fqr6nc9bvzmb1","2011-06-23T10:05:15"
"Campus Publications Digital Collection","5gcq3n8pxjzsw","2011-07-21T16:22:23"
"Campus Publications Digital Collection","psccz8dqk3c2d","2011-07-25T15:07:30"
"Campus Publications Digital Collection","t6ggdbf3fgdk2","2011-07-25T15:24:46"
"Campus Publications Digital Collection","j7w806c9xbsb0","2011-07-25T16:08:41"
"Campus Publications Digital Collection","2036zz1q99cp6","2011-07-26T09:53:17"
"Campus Publications Digital Collection","56pk8ggqvqs2v","2011-07-26T10:32:57"
"Campus Publications Digital Collection","kz8zsx188hzr3","2011-07-26T13:20:05"
"Campus Publications Digital Collection","n4cg28cnz5sc3","2011-07-26T13:22:48"
"Campus Publications Digital Collection","7d331rcvjncrr","2011-07-27T09:49:02"
"Campus Publications Digital Collection","r089znx8pc4fm","2011-11-21T11:20:04"
"Campus Publications Digital Collection","pr9fjs2dtn4pj","2012-01-25T12:39:46"
"Campus Publications Digital Collection","xg33bt6bk3k7s","2012-02-09T09:43:43"
"Campus Publications Digital Collection","0wh19dztggpd8","2011-12-12T12:08:18"
"Campus Publications Digital Collection","j4r6schrjnv62","2012-09-18T11:38:22"
"Campus Publications Digital Collection","jwpmn1p86szg7","2012-11-13T13:01:40.491383"
"Campus Publications Digital Collection","nfgwxqrv2m4rr","2012-11-27T12:04:27.015281"
"Campus Publications Digital Collection","8sm8f7n01m3k5","2012-12-04T11:40:35.394531"
"Campus Publications Digital Collection","17w1z2v4fjcz0","2013-03-06T17:15:55.381251"
"Campus Publications Digital Collection","vbd22dxrxr5xw","2013-03-28T17:00:08.700826"
"Campus Publications Digital Collection","t8xzfqfx07k74","2013-04-26T13:58:26.206897"
"Campus Publications Digital Collection","8rvz3dbzd3s2j","2013-07-15T15:35:45.603601"
"Campus Publications Digital Collection","9xbpbx4z3s0v3","2013-07-15T15:39:34.587903"
"Campus Publications Digital Collection","s9gx23kjrzvh8","2014-01-21T11:24:06.048715"
"Campus Publications Digital Collection","bqrhbgxr1tp4x","2014-01-21T11:28:42.991260"
"Campus Publications Digital Collection","wf13zxt7k408j","2015-02-04T14:46:09.775173"
"Campus Publications Digital Collection","4bhmpwjcnfsc5","2015-06-29T16:03:27.724990"
"Campus Publications Digital Collection","16r5hf53f045t","2015-07-27T13:46:45.859054"
"Campus Publications Digital Collection","fqpgj2vbd5jv6","2015-07-27T14:19:35.682378"
"Campus Publications Digital Collection","wh503589sj5hh","2015-08-06T13:16:31.617011"
"Campus Publications Digital Collection","hpctwgwbd4kkb","2015-08-24T16:32:19.011525"
"Campus Publications Digital Collection","zw4xczwm89dkq","2015-09-08T11:11:20.055548"
"Campus Publications Digital Collection","gfvv98j8j5wcn","2015-09-08T14:23:28.687104"
"Campus Publications Digital Collection","jsrfb0tc9tvff","2015-09-11T13:48:48.819476"
"Campus Publications Digital Collection","2mn4w1c38cq4t","2015-09-22T10:46:35.896125"
"Campus Publications Digital Collection","5k6f554szkjtp","2015-09-22T10:53:39.487244"
"Campus Publications Digital Collection","8ss4zsz1qxgx4","2015-09-24T09:49:06.303939"
"Campus Publications Digital Collection","j99fm7wmsznwr","2015-12-14T10:57:20.690923"
"Carter, Henry Kendall. Digital Collection","5czk96ph841fb","2013-12-06T13:16:07.748534"
"Carter, Henry Kendall. Digital Collection","ct896ddqqd8md","2015-07-22T09:50:33.861801"
"Century of Progress: The 1933-34 World's Fair. Digital Collection","acv4b6v9b0s","2008-03-19T14:40:54"
"Century of Progress: The 1933-34 World's Fair. Digital Collection","x0r8d6xfx7t5z","2011-07-06T14:44:08"
"Century of Progress: The 1933-34 World's Fair. Digital Collection","b6mkwr2p6xc3s","2014-12-23T16:11:35.923272"
"Chandrasekhar, Subrahmanyan. Digital Collection","203tmn0jpr6hv","2012-11-06T10:15:04.547751"
"Chandrasekhar, Subrahmanyan. Digital Collection","dt5nsckbhsrm9","2015-09-28T15:54:18.146504"
"Chicago Committee of Fifteen. Digital Collection","1z8md9h689b1k","2012-01-10T09:00:56"
"Chicago Public Library. Robert S. Abbott-John H. Sengstacke Family Photograph Collection","acw962b2z0f","2010-10-08T14:40:54"
"Closeted/Out in the Quadrangles, Oral Histories. Collection","vh6fxjc04fsmn","2015-02-10T10:00:14.367178"
"Clowes, Daniel. Archive","j6rg7838b08hz","2015-02-12T09:07:24.474182"
"Clowes, Daniel. Archive","nk2nn0n1t044b","2015-08-24T16:48:17.868369"
"Crosby, Patrick F. Collection","chccn0rj0ntjq","2013-03-28T16:27:17.085267"
"Crosby, Patrick F. Collection","2w0b22bfsztg0","2013-04-01T16:33:15.029591"
"Crosby, Patrick F. Collection","px61jkvg87fth","2013-04-25T12:08:23.192972"
"Dam, Kenneth. Papers","ssj0sh3ksb30z","2013-08-12T16:42:44.504432"
"Danos, Michael. Papers","s6rxtptcw31tt","2015-02-09T09:07:28.254060"
"Darwin Centennial Celebration. Digital Collection","1wbvtndg9f12b","2012-11-05T17:11:53.397278"
"Darwin Centennial Celebration. Digital Collection","dvg92d5s6070z","2013-07-16T11:16:56.228556"
"Davis, Jefferson, Trial Papers. Digital Collection","ac06w962b36","2010-12-03T11:28:06"
"Divinity School. Records","5p1kc2vbn4kmj","2013-02-12T12:33:59.729684"
"Donnelley, R.R. Records","1cgccjssjwn3p","2015-02-11T14:57:07.269927"
"Duckworth, Sir John Thomas. Digital Collection","x4djcp9gvzn1p","2013-07-22T15:33:53.244062"
"Durrett, Reuben T., Collection on Kentucky and the Ohio River Valley. Digital Collection","pj5r854wcjd75","2013-10-02T16:42:29.041192"
"Eggan, Fred. Digital Collection","89fc07g0qv8kr","2012-01-25T13:00:42"
"Eggan, Fred. Digital Collection","8c4bzdg78q5zc","2012-09-12T11:40:45"
"Eggan, Fred. Digital Collection","ck1ds6fnkhjdb","2012-11-05T17:02:02.556727"
"Elliot, William I. Papers","c54cphh3jjhj9","2015-02-06T15:58:28.688795"
"Elshtain, Jean Bethke. Papers","jpp077wv0zcvq","2014-08-08T09:41:48.156990"
"Elshtain, Jean Bethke. Papers","bc4qcthgf5vf5","2014-12-17T16:04:39.941595"
"Elshtain, Jean Bethke. Papers","sjsrfmvmsdnzf","2015-09-28T16:30:59.673444"
"Elshtain, Jean Bethke. Papers","jtkmv2q2dkp8c","2015-09-28T16:37:13.147433"
"Elshtain, Jean Bethke. Papers","mhc38qfh05brf","2015-09-30T14:36:11.738828"
"Field, Eugene. Correspondence. Digital Collection","xfrp418w2pj5w","2011-12-23T09:06:58"
"Film Collection, DVD","8h0cnr1jv8hxp","2014-08-08T16:25:04.603885"
"Film Collection. Digital Collection","mskjwk1868kp1","2012-10-01T13:39:48"
"Film Collection. Digital Collection","7zpvvcktcj2ms","2012-10-01T13:41:13"
"Film Collection. Digital Collection","rtf2qpbbqczgp","2012-10-02T11:17:31"
"Fitzpatrick, Sheila. Papers","6gdgxw0zz5gpp","2012-09-07T13:02:06"
"Fitzpatrick, Sheila. Papers","pwd8bzhz6bsfq","2015-09-15T13:40:20.326817"
"Flood Editions. Records","vwg17gt5019z5","2015-01-27T16:01:22.462975"
"Flood Editions. Records","4xt9x9h14msm7","2015-10-01T10:40:48.198853"
"Fogel, Robert W. Papers","s52cfh209tr6b","2015-02-03T14:47:57.676400"
"Fogel, Robert W. Papers","fs8rmh11rp3j2","2015-09-29T14:03:14.088547"
"Fogel, Robert W. Papers","w4z7whtcszhsg","2015-09-29T14:42:54.963506"
"Friedman, Milton. Papers","w396jw5s7tmm5","2010-12-02T17:08:43"
"Friedmann, Herbert. Papers","dcsck2f6jkb22","2014-06-06T16:35:26.934349"
"Friedrich, Paul. Digital Collection","d2q09b31sn4x8","2012-09-11T14:26:17"
"Geertz, Clifford. Digital Collection","xgckxcf22qpxs","2012-09-12T16:02:04"
"Geertz, Clifford. Digital Collection","kr0nq6s3p3jp5","2012-09-27T10:28:54"
"Geertz, Clifford. Digital Collection","pz2fgrg66bkmf","2015-09-18T13:22:37.319571"
"Ghez, Susanne. Papers","9b62jgpczx5c6","2014-12-22T16:52:32.901324"
"Glatzer, Nahum. Collection of Leo Strauss","acf7j778605","2011-02-17T16:42:31"
"Goodspeed Manuscript Collection. Digital Collection.","fpnrxkp1wj69p","2014-07-17T13:31:41.802522"
"Goodspeed Manuscript Collection. Digital Collection.","w9rdpbt1g8kgf","2014-12-19T15:27:52.453894"
"Goodspeed Manuscript Collection. Digital Collection.","hp4j7g3ph0hc5","2015-07-28T10:49:55.493251"
"Goodspeed Manuscript Collection. Digital Collection.","q5hsfz58g46cw","2015-09-23T09:02:20.422008"
"Goodspeed Manuscript Collection. Digital Collection.","q4d6hmn2g84dg","2015-12-15T09:32:11.567040"
"Gottschalk, Louis. Digital Collection","jb69b13thvqb7","2012-11-05T17:07:47.900691"
"Hansen, Miriam. Papers","p2b2j6mh17930","2015-02-06T16:37:13.823024"
"Hansen, Miriam. Papers","3pr9jbpb9b3v2","2015-10-01T11:14:13.604395"
"Harris, Chauncy D. Papers","ac44h6c0t90","2010-12-03T11:26:13"
"Hart, Schaffner and Marx Labor Agreement. Digital Collection","f9m56f10m86k8","2012-11-27T10:23:09.079054"
"Heaton, David F.  Papers. Digital Collection","hqr0gz435p0mm","2011-12-21T09:01:19"
"Higinbotham, William A. Papers","2pvg9t0tcqvz8","2015-01-28T10:27:48.225379"
"Hine, Daryl. Papers","xsss6d811380j","2012-11-21T12:45:16.234619"
"Hughes, Everett C. Digital Collection ","34bp1dkm6b8dp","2012-11-12T14:52:09.677406"
"Hughes, Everett C. Digital Collection ","cqq42692hpffh","2014-12-08T10:26:48.171015"
"Hutchins, Robert M. Digital Collection ","rmh1nxtf0x16b","2012-12-20T15:41:38.800960"
"Hyde Park Center. Digital Collection","jhfhcpmqvq38j","2014-02-14T16:19:57.590053"
"Hyde Park Historical Society. Digital Collection","wtn2w7d6vz11j","2012-11-21T12:57:56.471855"
"Hyde Park Historical Society. Digital Collection","vj9r2990h6r1c","2013-04-12T16:53:13.875481"
"Hyde Park Historical Society. Digital Collection","xb5fnvj4ptqpq","2013-08-01T16:54:13.507556"
"Hyde Park Historical Society. Digital Collection","6bdhbcfvhwxd5","2014-03-07T11:45:12.157114"
"Hyde Park-Kenwood Community Conference. Records","zhbfmkw6gmjjt","2012-09-07T12:54:52"
"Hyde Park-Kenwood Community Conference. Records","w66kc77wq72ww","2015-02-09T09:12:20.781743"
"Jackson, William Henry. Photographs. Digital Collection","78g0w4tdrk87j","2011-12-23T09:20:17"
"Jacobson, Leon O. Papers","00pr6xc8q2t3c","2015-01-28T13:03:57.216144"
"James, Stafford. Collection","80x5fd21k54z1","2013-02-20T14:31:45.660364"
"James, Stafford. Collection","26qbc42h8pv2k","2014-01-03T13:05:15.144201"
"James, Stafford. Collection","zm1dnqqw84zmd","2014-03-07T11:47:44.950914"
"James, Stafford. Collection","nh23j88zgqcwq","2014-04-01T16:57:08.270027"
"James, Stafford. Collection","580tqmfgvg2f1","2014-09-22T16:32:47.000186"
"James, Stafford. Collection","91vv808944z8w","2015-01-21T11:54:32.796071"
"Jazz Institute of Chicago, Audio Collection, Don DeMicheal. Digital Collection","79gx1bqsmwd3v","2012-09-18T16:30:05"
"Jazz Institute of Chicago, Audio Collection, Don DeMicheal. Digital Collection","jmq0c9zxrswnc","2012-12-05T15:53:42.233888"
"Jazz Institute of Chicago, Chicago Jazz Festival. Digital Collection","c31f3vk10zm61","2013-10-01T10:55:50.330279"
"Jazz Institute of Chicago, Chicago Jazz Festival. Digital Collection","9w2ddmm50193q","2015-08-06T09:59:35.337468"
"Jazz Institute of Chicago, Oral Histories. Digital Collection ","6dvhvpm8cdqfh","2012-11-21T12:49:57.938601"
"Joseph Halle Schaffner Collection in the History of Science. Digital Collection","rpw2p1rws3vbv","2012-11-07T11:57:05.740900"
"Journal of Political Economy. Records","2jkp19dsv735r","2014-05-15T14:00:59.641277"
"Journal of Political Economy. Records","6kd7wcr6t48hh","2015-09-04T10:34:16.193801"
"Katz, Friedrich. Papers","s7cg3dtjw08kf","2015-02-10T15:39:59.596373"
"Kirsner, Joseph B. Papers","rgg4sxvjw1t1v","2015-02-11T15:01:51.280125"
"Klutznick, Philip M. Digital Collection","ack554d6p5z","2010-12-02T14:57:06"
"Konstantinov, Aleko. Collection","6hdx7jh3h180h","2013-11-04T10:42:41.117163"
"LVNG. Records","nctz0zb9pcw5b","2015-02-09T09:20:30.223356"
"Lach, Alma. Papers","560m5drp8fmgf","2014-06-26T12:17:29.894028"
"Lach, Alma. Papers","dk4ng5xhv99d5","2014-07-14T12:39:01.902443"
"Lach, Alma. Papers","zkr2v69dqf9x8","2014-12-31T15:53:09.024584"
"Lach, Donald F. Papers and Addenda","jgz84wjvpzxk9","2014-08-01T13:22:05.187094"
"Lafayette Manuscripts. Digital Collection","0d1mgctzx3z0f","2012-11-06T16:25:54.164516"
"Lane, Ebenezer, Family. Digital Collection","5bs0z91dw83rd","2014-09-22T12:07:22.942722"
"Lee, Elon N. and Edson S. Bastin. Digital Collection","acx835m3407","2011-03-29T15:05:47"
"Lee, Yuan T. Papers","hb264xqq8h1gf","2013-05-15T17:17:04.576019"
"Leo Strauss Center. Leo Strauss lectures. Digitally Remastered Audio Files","acc0t7d7p0s","2010-06-11T14:40:54"
"Lewis, Fielding. Digital Collection","acr1p4v5c1j","2010-12-06T09:26:38"
"Lincoln Collection, Lincoln Miscellaneous Manuscripts 1587-1924. Digital Collection","k5crkqzm9g9pc","2011-10-17T14:58:12"
"Lowitz, Leza. Papers","7m57kbvs7p604","2015-02-06T16:05:57.573517"
"Lowitz, Leza. Papers","7ts65hqm7jv9v","2015-02-09T12:16:59.687371"
"MacLane, Saunders. Papers","acn3z805x8v","2010-12-02T17:10:45"
"MacLean Center for Clinical Medical Ethics. Records","5xxpw29vxxhfw","2015-02-09T09:27:19.405934"
"MacLean Center for Clinical Medical Ethics. Records","c4s03hdzqzpk5","2015-02-09T09:31:59.798064"
"MacLean Center for Clinical Medical Ethics. Records","3r8c95rmq0t92","2015-02-11T09:58:07.884936"
"MacLean Center for Clinical Medical Ethics. Records","85psj7t2pxf91","2015-08-11T13:35:53.829897"
"Mahon, O'Gorman . Digital Collection","t9mp2hnzx0mv7","2011-09-14T08:46:49"
"Marty, Martin E. Papers","jdtfc1rzkv3p8","2013-07-16T11:14:48.339776"
"McHenry, Katherine Alice. Collection","9vvwz3d673z7d","2014-12-19T15:39:01.881781"
"McQuown, Norman A. Digital Collection","d4kz164ffmn56","2014-02-20T12:29:59.874591"
"McQuown, Norman A. Digital Collection","8kz5421z3kz6v","2014-11-17T14:22:01.497580"
"McQuown, Norman A. Digital Collection","b1sm73p3bv0d6","2015-09-14T09:36:05.527775"
"Mead, George H. Papers","97mmpj7x2fg1r","2013-05-20T16:10:33.864485"
"Merriam, Charles. Digital Collection ","qqvkd361hwffp","2012-12-20T15:47:56.976331"
"Metz, Charles. Papers","90jfz5jnkfgvs","2014-01-22T16:47:28.414058"
"Metz, Charles. Papers","rxtk607k7fh6f","2015-02-11T15:05:52.232666"
"Middle Eastern Posters. Digital Collection","acv99213v7b","2010-12-06T10:04:37"
"Murdock, Fanny Bristol and Sarah Bristol Family. Digital Collection","6hg3phv7s3bpm","2013-07-23T16:40:09.020298"
"O'Hara, James E. Digital Collection","zgsxvxn2p03ft","2012-12-05T14:47:14.245219"
"Ogburn, William Fielding. Interview. Digital Collection","8js0c9sq0sb22","2012-11-06T10:03:15.973538"
"Old University of Chicago. Digital Collection","2w91jzzhxh2ph","2014-11-07T16:28:56.734705"
"Old University of Chicago. Digital Collection","r0jbssrc0d3h8","2015-07-14T15:24:31.108775"
"Olmsted, Charles E. Papers","2fs7zktx3r5t1","2015-01-02T09:19:05.568254"
"Origin of Man Symposium. Digital Collection","0z5m8p9j7c4b7","2012-02-10T13:26:19"
"Paper Dolls. Digital Collection","8cx3bgc30qv80","2011-09-19T09:24:49"
"Papers of Abraham Lincoln. Digital Files","j1x43nxrn730h","2011-07-11T16:34:48"
"Payne, Catherine R. Papers","2rw44qb59pxvk","2012-09-07T12:24:30"
"Peterson, Raymond O., Film Collection","rk08f5kth9m98","2012-09-27T10:24:53"
"Pew Forum on Religion and Public Life. Records","gks6hj0jnhqc0","2013-11-01T16:21:35.795389"
"Platzman, George W. Papers","ac72737081p","2010-12-13T15:02:29"
"Platzman, George W. Papers","qdq3v38w0fgz0","2015-10-01T13:51:05.446160"
"Polanyi, Michael. Digital Collection","jdp7qv6w6dqrg","2012-10-03T12:38:46"
"Postcards on Wright's Airplane Ascension at Le Mans. Digital Collection","dpkp4gtshcxrh","2013-12-04T12:24:07.621228"
"Ramanujan, A.K. Papers","x43gqv8054f04","2015-02-05T15:28:47.295722"
"Ray, David. Digital Collection","5hpz3zwkzkptq","2012-11-06T10:20:23.339276"
"Redfield, Robert. Digital Collection","58bbgtx41cwjf","2012-02-10T13:20:57"
"Renaissance Society. Records","zd73cvr3kz0d7","2013-08-12T13:36:10.804870"
"Research Institutes Library, Records. Digital Collection","339d4z3kkg821","2012-10-01T16:44:54"
"Rose & Chess: Le Roman de la Rose & Le Jeu des échecs moralisé. Digital Collection","p44x0m2f59mp2","2012-12-06T09:20:36.588034"
"Rosenberger Collection. Ludwig Rosenberger. Judaica Collection","f9z5618p2pwgd","2014-04-24T12:04:55.128591"
"Rosenthal, Robert. Papers","fp4639kmwqvq9","2015-02-09T09:40:12.765157"
"Rowley, Janet D. Papers","4nxk32gzpkz6h","2014-07-14T09:52:38.595764"
"Rowley, Janet D. Papers","jm5v78htb1t93","2015-01-28T12:50:22.797671"
"Saller, Richard. Papers","acw28340k78","2007-01-18T14:40:54"
"Schneider, David. Digital Collection","khnp5w5skc05f","2012-09-12T08:55:11"
"Schwab, Joseph. Digital Collection ","dhhg6g35hvk35","2012-11-12T15:20:37.685995"
"Scott, William T. Digital Collection","55j0t8cs68zr1","2012-11-05T17:16:32.268542"
"Shapey, Ralph. Digital Collection","0rn7z1hzg0wd1","2012-12-12T16:16:21.591405"
"Shepherd, David. Digital Collection","k936s0mk5cvr0","2012-11-06T09:37:42.944933"
"Silverberg, James. Digital Collection","3msz144wmhszr","2012-09-11T14:30:34"
"Simpson, John A. Papers","gkhbz2sn3sjq6","2010-12-02T17:08:09"
"Sinaiko, Herman. Papers","h6wcnvq5z05qd","2012-11-12T09:57:57.581559"
"Singer, Milton. Digital Collection","08q4sppsgtf1b","2012-02-10T12:58:23"
"Singer, Milton. Digital Collection","rp7g1dfp9hkzc","2012-09-12T09:02:25"
"Singer, Milton. Digital Collection","xp1b2cvhr3fk6","2012-11-21T10:50:48.960973"
"Sjaastad, Larry. Papers","cr84kf77tn9tf","2014-06-09T11:52:14.635630"
"Slavery and Indentured Servitude Collection. Digital Collection","7d7zrrx23kj9p","2012-11-07T12:04:34.413271"
"Slavery and Indentured Servitude Collection. Digital Collection","c5f42p4sk1gqd","2012-11-21T10:40:57.294150"
"Sloan Digital Sky Survey. Records","ac9310v7b16","2009-01-06T14:40:54"
"Sloan Digital Sky Survey. Records","acp5v2c2t8k","2008-08-07T14:40:54"
"Sloan Digital Sky Survey. Records","acf0m815t70","2009-01-06T14:57:06"
"Starr, Frederick. Digital Collection","473b8bp997tgg","2012-11-27T10:25:29.396014"
"Starr, Frederick. Liberian Research. Digital Collection","ac24q5r2p2s","2011-03-29T15:27:47"
"Starr, Frederick. Liberian Research. Digital Collection","ks3vm2wsq03dx","2011-12-21T08:32:03"
"Steed, Gitel. Digital Collection.","7v7ghg9qrtb31","2012-02-10T13:02:26"
"Steiner, John. Digital Collection","47bxvrjx0tc07","2012-11-21T10:46:05.215719"
"Steiner, John. Digital Collection","tfcbk196cp5kp","2012-12-20T15:37:13.947315"
"Stern, Richard G. Digital Collection","twczf31dgnp9x","2012-11-06T09:45:58.606184"
"Strauss, Leo. Digital Collection","dqcw0zvvn8p62","2012-12-12T16:24:34.015323"
"Student Papers and Ephemera Collection","dhfj3h6wtktdx","2014-06-26T12:18:51.012154"
"Tax, Sol. Digital Collection","v7tswf41nbm2f","2012-09-12T09:11:00"
"Tax, Sol. Digital Collection","0vkmkfs873v3m","2012-09-12T11:51:32"
"Tax, Sol. Digital Collection","f9jqgm49bj25f","2012-09-13T08:51:59"
"Tax, Sol. Digital Collection","zs6dtct5kqwpd","2012-10-03T12:09:05"
"Tax, Sol. Digital Collection","34cv6h74knh8w","2012-11-28T15:48:11.980532"
"The Chicagoan. Digital Collection","p1sv6dvvkprzx","2012-11-21T13:07:46.102929"
"The Chicagoan. Digital Collection","cqrjp95v66gbp","2013-02-25T16:23:14.298980"
"The Chicagoan. Digital Collection","1zfxcz7vxzzg7","2013-03-18T10:21:47.734920"
"The Chicagoan. Digital Collection","3xfhcjz628rqf","2013-03-25T09:30:14.829831"
"The Chicagoan. Digital Collection","r72mbhp5kfgrq","2013-04-25T16:51:11.250633"
"The Chicagoan. Digital Collection","jnfhpdx63bx32","2013-05-20T09:33:09.494208"
"The First American West: The Ohio River Valley, 1750-1820. Digital Collection","ac18s3j972x","2009-03-16T14:40:54"
"The First American West: The Ohio River Valley, 1750-1820. Digital Collection","ac659407w8h","2008-08-01T14:40:54"
"The First American West: The Ohio River Valley, 1750-1820. Digital Collection","acj87564b2s","2008-10-14T14:40:54"
"The Speculum Romanae Magnificentiae. Digital Collection","zx04kzdr7htxs","2012-12-06T09:24:54.948275"
"The Speculum Romanae Magnificentiae. Digital Collection","9v36jfn9q636g","2014-12-23T16:18:10.675072"
"Tyler, Ralph. Digital Collection","5h612kz6wnfkb","2012-11-12T15:05:16.149972"
"University of Chicago Library. Special Collections Research Center. Exhibition Catalogs. Digital Collection","ac47g7f7j8x","2006-04-24T14:40:54"
"University of Chicago Library. Special Collections Research Center. Exhibition Catalogs. Digital Collection","r92gk1bkdhp4x","2013-01-16T14:11:24.808761"
"University of Chicago Library. Special Collections Research Center. Exhibition Catalogs. Digital Collection","x0nvnh95c9n30","2015-07-21T15:16:12.938715"
"University of Chicago Photographic Archive Series I","313x0d5g8p88g","2012-12-12T09:11:13.996731"
"University of Chicago Photographic Archive Series I","fm29nnkmdbdbm","2013-02-18T19:50:19.646374"
"University of Chicago Photographic Archive Series I","h5xpz4g753v3d","2013-05-15T15:39:29.966828"
"University of Chicago Photographic Archive Series I","p755r11r9vj83","2013-07-16T13:39:03.685005"
"University of Chicago Photographic Archive Series I","z6xvks6f3s143","2013-10-28T10:58:55.090955"
"University of Chicago Photographic Archive Series I","kg7cd04fxr208","2014-03-10T11:03:20.355825"
"University of Chicago Photographic Archive Series I","g8c153wngbcs7","2014-07-22T12:07:54.408694"
"University of Chicago Photographic Archive Series I","f0x2m346djzw0","2015-03-23T13:37:23.618941"
"University of Chicago Photographic Archive Series I","91r13mwrzv913","2015-05-13T14:30:35.889992"
"University of Chicago Photographic Archive Series I","bn715c6rb557k","2015-10-19T09:23:45.411281"
"University of Chicago Photographic Archive Series II","1ctj40dm7f3tq","2011-11-30T13:51:18"
"University of Chicago Photographic Archive Series II","nc41vq1gz4q3w","2015-08-11T14:42:13.689271"
"University of Chicago Photographic Archive Series III","bg44cdsqmhckh","2011-11-30T13:58:50"
"University of Chicago Photographic Archive Series III","wk7gff201z84r","2015-08-17T13:34:03.316159"
"University of Chicago Photographic Archive Series IV","sn1wcrfhhw6tc","2011-11-30T14:06:59"
"University of Chicago Photographic Archive Series VI","t3d0hq5h1qpmn","2011-11-30T14:24:15"
"University of Chicago Photographic Archive Series VII","xvntkb2jw61tg","2012-07-28T12:44:55"
"University of Chicago Photographic Archive Series VII","rzm4dwd9wcq7n","2015-10-21T10:09:53.807246"
"University of Chicago President's Oral History Program. Records","63rzzrm4zxdx3","2011-10-06T12:00:19"
"University of Chicago President's Oral History Program. Records","9mvx57qhq1vw9","2011-11-10T16:38:01"
"University of Chicago President's Oral History Program. Records","x240khhwxtc89","2011-11-15T12:00:53"
"University of Chicago President's Oral History Program. Records","z0kb1wghrmd1j","2012-04-06T15:20:31"
"University of Chicago President's Oral History Program. Records","sdr0ttb6c3ns9","2012-09-07T13:15:16"
"University of Chicago President's Oral History Program. Records","kkd8zhzt1xpxk","2013-01-16T14:00:51.078511"
"University of Chicago President's Oral History Program. Records","npw06hd0fkg3n","2013-04-05T16:19:47.955717"
"University of Chicago President's Oral History Program. Records","rg3kbn9v849b0","2013-10-08T16:42:48.341011"
"University of Chicago President's Oral History Program. Records","8n41d5vj2vkx9","2013-12-05T16:49:52.715416"
"University of Chicago President's Oral History Program. Records","zhc3z51p747ss","2015-10-13T09:02:48.180773"
"University of Chicago President's Oral History Program. Records","f2tb2sm9nmz50","2015-11-05T10:29:37.073139"
"University of Chicago. Alumni Association. LGBT Alumni. Records","m5zbtqsxx0bj6","2012-01-24T10:38:25"
"University of Chicago. Alumni Association. Records","01cbnw43srvqh","2015-02-06T09:37:49.142941"
"University of Chicago. Archival Photographic Files","r86kz6pz0968q","2012-03-31T10:38:36"
"University of Chicago. Archival Photographic Files","c6kc3g428h3tk","2012-04-09T16:57:56"
"University of Chicago. Archival Photographic Files","vrpv46c0j4pqj","2013-04-05T16:48:25.196069"
"University of Chicago. Archival Photographic Files","v32h0t8k93fnj","2014-09-23T09:43:54.399949"
"University of Chicago. Board of Trustees. Minutes","z5r8dk5scmwb5","2011-12-02T15:35:02"
"University of Chicago. Board of the Library. Minutes","8trf9j3htc19k","2014-06-26T11:58:03.242945"
"University of Chicago. Campus Publications","5jhfgt47cv9r1","2013-09-27T14:04:19.992731"
"University of Chicago. Campus Publications","4406hfm3np4sn","2014-09-23T09:52:58.850054"
"University of Chicago. Campus Publications","qj02m0f1r779p","2014-11-20T14:36:54.209847"
"University of Chicago. Campus Publications","s121b5wfdx3h6","2015-07-22T10:05:48.728288"
"University of Chicago. Campus Publications","f1w03hrfv8gw3","2015-10-29T10:47:44.345484"
"University of Chicago. Campus Publications. University Directory","m9g77x2vhch4x","2014-02-07T16:30:32.567291"
"University of Chicago. Campus Publications. University Directory","1fgtbdgjf38rc","2014-04-29T09:52:23.475996"
"University of Chicago. Campus Publications. University Directory","xgtcdb60z45f4","2014-07-11T14:39:20.376559"
"University of Chicago. Campus Publications. University Directory","f5q04jtgtr3dw","2014-10-02T09:56:28.770745"
"University of Chicago. Campus Publications. University Directory","7940gnv0zn877","2014-12-11T10:09:28.617663"
"University of Chicago. Campus Publications. University Directory","s720q8bd1vpcz","2015-02-04T10:19:05.033594"
"University of Chicago. Campus Publications. University Directory","ggk23mvhdhzqm","2015-07-23T09:22:07.903898"
"University of Chicago. Campus Publications. University Directory","qzm1z9kt50009","2015-10-28T09:18:58.190314"
"University of Chicago. Center for Gender Studies. Oral History Project. Records","ac09w089234","2006-10-25T14:05:12"
"University of Chicago. Center for Population Economics. Records","4mcrxr2zg54n8","2014-06-04T12:04:00.951035"
"University of Chicago. Department of Education. Records","q1m4qn63v32g5","2015-01-28T12:36:20.443520"
"University of Chicago. Department of Physical Education and Athletics. Records","3vzjtrqsbfb59","2014-06-26T11:37:36.993514"
"University of Chicago. Department of Physical Education and Athletics. Records","2ccwdbpr9m699","2015-01-29T16:43:06.116622"
"University of Chicago. Department of Physical Education and Athletics. Records","w6x9hfr58g0sb","2015-08-21T11:40:24.436902"
"University of Chicago. Department of Physics. Records","ggw965wrqt5qj","2014-08-08T10:18:14.772104"
"University of Chicago. Department of Physics. Records","m8z9r06c818zw","2015-11-09T09:06:36.033167"
"University of Chicago. Department of Sociology. Digital Collection","jq3rz5vjcx60b","2012-10-02T12:51:13"
"University of Chicago. Development and Alumni Relations. Records","9wzj0z57whwt2","2014-12-15T16:32:14.355031"
"University of Chicago. Division of the Humanities. Poem Present Reading and Lecture Series","acb4w57470x","2008-03-19T14:40:54"
"University of Chicago. Facilities Department. Records","cf2k10nbdgrjn","2013-03-18T10:36:25.626996"
"University of Chicago. Facilities Department. Records","j7xppb90qggtz","2013-11-01T16:53:48.667305"
"University of Chicago. Film Studies Center. Records","xcz79tgfg8951","2015-08-05T13:20:20.953352"
"University of Chicago. Film Studies Center. Records","xcz79tgfg8951","2015-08-05T13:20:20.953352"
"University of Chicago. Folklore Society. Records. Addenda.","ch7x861bmmzhg","2013-02-07T15:37:04.568449"
"University of Chicago. Founders' Correspondence. Digital Collection","bkvkn0jt6wws3","2012-11-27T10:30:12.138381"
"University of Chicago. Laboratory Schools. Records","c4bk9jct728xw","2015-02-09T12:21:18.002082"
"University of Chicago. Laboratory Schools. Work Reports. Digital Collection","8jxbk68jsx1n1","2010-12-07T09:26:38"
"University of Chicago. Law Review. Records","gjg5qzxds090x","2014-09-22T13:32:27.738135"
"University of Chicago. Law Review. Records","cvj7n15gkkd2f","2014-12-22T16:09:35.296251"
"University of Chicago. Law School. Chicago Unbound","9qgxv42vmbm68","2014-01-22T15:49:55.693196"
"University of Chicago. Law School. Chicago Unbound","x7vq84jmvnr47","2014-04-09T11:06:03.742032"
"University of Chicago. Law School. Chicago Unbound","j8j26874zzkd5","2014-07-07T09:46:40.494808"
"University of Chicago. Law School. Chicago Unbound","67dzxbhkgpcbf","2014-08-22T16:22:15.735589"
"University of Chicago. Law School. Chicago Unbound","wsvxw08tp4h7v","2014-10-02T10:01:08.055911"
"University of Chicago. Law School. Chicago Unbound","6m97gn17792rg","2015-01-02T11:29:34.386969"
"University of Chicago. Law School. Chicago Unbound","16zwngh1jncvx","2015-04-14T16:09:29.805121"
"University of Chicago. Law School. Chicago Unbound","x68bwgskqmwnj","2015-08-05T10:53:31.212494"
"University of Chicago. Law School. Chicago Unbound","76c45fdt5w1kw","2015-10-05T09:50:43.635653"
"University of Chicago. Law School. Derrick Widmer, MCL 1968","1d2pjkkb8844f","2014-06-26T12:14:29.271910"
"University of Chicago. Law School. Digital Collection","gw34t0vcfcsvq","2013-10-02T16:49:05.989461"
"University of Chicago. Law School. Law Students Association. Records","tk7wpcpv230m3","2015-02-06T16:11:25.579535"
"University of Chicago. Law School. Photographs. Digital Collection","acm815t2g90","2007-03-05T14:40:54"
"University of Chicago. Law School. Records","ac8340j8783","2009-10-21T14:40:54"
"University of Chicago. Law School. Records","acf8j48733g","2010-07-08T14:40:54"
"University of Chicago. Law School. Records","ack651f5k98","2011-03-07T10:10:46"
"University of Chicago. Law School. Records","w82tch0btbs4x","2013-01-25T14:41:01.162892"
"University of Chicago. Law School. Records","0f2sdtc6g9vxh","2013-05-31T13:20:34.534792"
"University of Chicago. Law School. Records","djk8fw78zc8nh","2013-11-26T13:17:22.371053"
"University of Chicago. Law School. Records","qkbtzft5n04dc","2014-03-14T15:53:09.029833"
"University of Chicago. Law School. Records","rwpv8dqx2qp15","2014-11-05T15:40:16.009508"
"University of Chicago. Law School. Records","40j5b2nzk0rzt","2014-12-01T14:00:31.782499"
"University of Chicago. Law School. Records","1p9p3pfsnmr24","2015-01-21T11:52:30.822416"
"University of Chicago. Law School. Records","s1mk15m5wgdqw","2015-02-04T09:42:05.638293"
"University of Chicago. Law School. Records","w6tpcwd7hzfpn","2015-07-21T12:20:06.739307"
"University of Chicago. Law School. Records","5k4zfc8xsn8pt","2015-07-23T16:00:35.775806"
"University of Chicago. Law School. Records","7qb4p6r17sk1q","2015-09-01T08:50:41.116933"
"University of Chicago. Legal Forum. Records","gz4vd78665n4t","2013-04-05T11:36:57.560901"
"University of Chicago. Library. Bookplates","ach7b7v6b6c","2010-12-02T15:17:04"
"University of Chicago. Library. Digital Preservation Collection","ac01z417s6n","2008-03-19T12:32:19"
"University of Chicago. Library. Digital Preservation Collection","acb9v0c8r7g","2010-12-07T10:04:37"
"University of Chicago. Library. Digital Preservation Collection","jzg224qzd3k4q","2011-05-13T10:16:14"
"University of Chicago. Library. Digital Preservation Collection","bqhv058b9sv4w","2011-05-13T10:22:13"
"University of Chicago. Library. Digital Preservation Collection","82rv9t5z218mx","2011-05-13T11:50:39"
"University of Chicago. Library. Digital Preservation Collection","2dgszrpzwqh5n","2013-11-01T13:26:19.742573"
"University of Chicago. Library. Digital Preservation Collection","gwctxtrgc95nv","2014-04-16T11:07:55.613018"
"University of Chicago. Library. Digital Preservation Collection","qpkwd3zf9x61k","2014-05-07T15:56:21.027222"
"University of Chicago. Library. Digital Preservation Collection","3dkz8ctw9d25v","2014-05-21T16:29:56.062339"
"University of Chicago. Library. Digital Preservation Collection","vbg1q8tj46whm","2014-06-09T11:43:16.333087"
"University of Chicago. Library. Digital Preservation Collection","4nvdxnmqh1qfj","2014-07-07T12:21:29.518354"
"University of Chicago. Library. Digital Preservation Collection","gdwqxq5xcdzdt","2014-07-15T10:54:52.071191"
"University of Chicago. Library. Digital Preservation Collection","wzvt3g4d9fvc9","2014-08-01T12:26:54.110436"
"University of Chicago. Library. Digital Preservation Collection","zj5zkwn4b8c14","2014-08-20T14:11:54.919369"
"University of Chicago. Library. Digital Preservation Collection","cv7b6gr9rfskg","2014-08-27T12:00:41.484203"
"University of Chicago. Library. Digital Preservation Collection","jgdbmxz3nkwp6","2014-09-17T13:37:00.664922"
"University of Chicago. Library. Digital Preservation Collection","j4xtgjsjwm803","2015-07-30T09:43:42.462936"
"University of Chicago. Library. Digital Preservation Collection","kbf4jzkg5213w","2015-07-30T10:08:03.586013"
"University of Chicago. Library. Digital Preservation Collection","c132dzsbfr30w","2015-07-30T14:06:38.052919"
"University of Chicago. Library. Digital Preservation Collection","qv14s9pd8pk0f","2015-08-03T08:41:22.861639"
"University of Chicago. Library. Digital Preservation Collection","vcczmsm37r1fv","2015-08-03T09:07:00.173602"
"University of Chicago. Library. Digital Preservation Collection","t6wbr4wm2d16q","2015-08-04T08:57:54.299064"
"University of Chicago. Library. Digital Preservation Collection","dx59nwhsjbsv1","2015-08-04T09:06:30.185858"
"University of Chicago. Library. Digital Preservation Collection","fx5qk70dnm1sk","2015-08-04T10:53:48.889010"
"University of Chicago. Library. Digital Preservation Collection","jf2mqdjs110gp","2015-09-30T10:54:58.121793"
"University of Chicago. Library. Digital Preservation Collection","9940702t7cdhh","2015-11-02T09:09:35.721972"
"University of Chicago. Library. Digital Preservation Collection","q8j44rzh5kqv8","2015-12-15T09:19:29.194099"
"University of Chicago. Library. Kathleen A. Zar Symposium","ac46h0d8n5m","2009-09-18T14:40:54"
"University of Chicago. Library. Kathleen A. Zar Symposium","n38v0xrxmqw84","2011-10-10T16:50:35"
"University of Chicago. Library. Mansueto Library. Records","t3c62c0d3q813","2011-07-28T13:00:18"
"University of Chicago. Library. Mansueto Library. Records","03635br6z23n3","2014-06-26T11:45:37.766767"
"University of Chicago. Library. Map Collection. Digital Collection","ac36m039k2h","2010-04-22T14:40:54"
"University of Chicago. Library. Map Collection. Digital Collection","ac55d3p8t5d","2009-02-18T14:40:54"
"University of Chicago. Library. Map Collection. Digital Collection","acg1h5c3t3d","2008-03-19T14:40:54"
"University of Chicago. Library. Map Collection. Digital Collection","ach0d8n4036","2007-06-21T14:40:54"
"University of Chicago. Library. Map Collection. Digital Collection","acq3r8m4352","2010-07-06T14:40:54"
"University of Chicago. Library. Map Collection. Digital Collection","acq5r2p1x1p","2008-04-22T14:40:54"
"University of Chicago. Library. Map Collection. Digital Collection","acv3b9v0d7g","2008-04-16T14:40:54"
"University of Chicago. Library. Map Collection. Digital Collection","qz0zz15zfp84m","2011-06-14T15:04:57"
"University of Chicago. Library. Map Collection. Digital Collection","xr415g9kzgj04","2012-10-10T16:09:01"
"University of Chicago. Library. Map Collection. Digital Collection","4zzh1msvxt447","2012-10-11T10:20:47"
"University of Chicago. Library. Map Collection. Digital Collection","s2hkstkt2zd7s","2013-06-05T09:54:29.802318"
"University of Chicago. Library. Map Collection. Digital Collection","k0ppthd0f40j6","2013-07-10T13:08:05.482598"
"University of Chicago. Library. Map Collection. Digital Collection","6g1snz3npj6w4","2013-07-15T13:09:40.693500"
"University of Chicago. Library. Map Collection. Digital Collection","dzs3brzn21c4c","2014-07-11T10:25:51.867232"
"University of Chicago. Library. Map Collection. Digital Collection","p22h53d88h9ng","2014-09-03T09:43:19.168980"
"University of Chicago. Library. Map Collection. Digital Collection","x0971s4d8g8wb","2014-09-23T12:37:54.643706"
"University of Chicago. Library. Map Collection. Digital Collection","5tjx455hx89bg","2014-10-02T09:51:04.260225"
"University of Chicago. Library. Map Collection. Digital Collection","qtfqw1cqvm4xq","2014-11-05T14:58:34.023449"
"University of Chicago. Library. Map Collection. Digital Collection","8p744w5wg44g0","2014-11-20T14:47:30.339982"
"University of Chicago. Library. Map Collection. Digital Collection","tp47t5814rk22","2014-11-26T10:24:55.526557"
"University of Chicago. Library. Map Collection. Digital Collection","vn50rh4nxczrw","2015-01-28T16:32:42.648083"
"University of Chicago. Library. Map Collection. Digital Collection","hqvsjx7mjc8xd","2015-08-05T11:11:00.861033"
"University of Chicago. Library. Map Collection. Digital Collection","8118k41z04xm0","2015-08-14T15:51:43.249824"
"University of Chicago. Library. Map Collection. Digital Collection","hbc3rkzgmj5zd","2015-10-20T11:10:27.856935"
"University of Chicago. Library. Office of the Director. Judith Nadler. Records","fjrgvf1rpjb0m","2015-02-03T13:43:33.103066"
"University of Chicago. Library. Office of the Director. Judith Nadler. Records","c4sbv5482h9g8","2015-02-10T16:44:10.324588"
"University of Chicago. Library. Office of the Director. Judith Nadler. Records","vfk2qb20smggr","2015-10-01T11:48:31.132954"
"University of Chicago. Library. Records","acs3j972818","2009-06-17T14:40:54"
"University of Chicago. Library. Records","f46vct635q656","2012-02-07T12:48:40"
"University of Chicago. Library. Records","1db1n032wpqh2","2015-10-01T09:44:38.848653"
"University of Chicago. Library. Records","z5s3fk7hm9n67","2015-11-12T10:00:58.301159"
"University of Chicago. Library. Special Collections Research Center. Departmental. Archives Unit. Records","5n67pkqzp8rdt","2015-01-28T13:14:20.151448"
"University of Chicago. Library. Special Collections Research Center. Exhibitions and Conservation (Preservation). Records. Addenda","c7pjkqz44nxgf","2012-10-04T16:37:46"
"University of Chicago. Library. Special Collections Research Center. Exhibitions and Conservation (Preservation). Records. Addenda","82s7wft3t88dw","2012-11-12T11:59:38.049997"
"University of Chicago. Library. Special Collections Research Center. Exhibitions and Conservation (Preservation). Records. Addenda","633cgb3wzp83v","2013-09-12T12:37:11.123914"
"University of Chicago. Library. Special Collections Research Center. Exhibitions and Conservation (Preservation). Records. Addenda","n1mt4czhwnqgz","2015-02-09T16:19:40.538318"
"University of Chicago. Library. Special Collections Research Center. Records","ach8b4w579p","2010-01-06T14:40:54"
"University of Chicago. Library. Special Collections Research Center. Records","acr3n8x3585","2010-04-13T14:40:54"
"University of Chicago. Library. Special Collections Research Center. Records","ntb5521jvjvb0","2012-03-28T16:28:45"
"University of Chicago. Office of the President, Harper, Judson and Burton Administrations Records 1869-1925. Digital Collection","sknhk42831hjf","2012-08-09T11:36:16"
"University of Chicago. Office of the President, Harper, Judson and Burton Administrations Records 1869-1925. Digital Collection","zq6mrqzr19dfv","2013-01-29T08:59:16.690863"
"University of Chicago. Office of the President, Harper, Judson and Burton Administrations Records 1869-1925. Digital Collection","2nd1986fczrxq","2013-03-21T15:21:43.733479"
"University of Chicago. Office of the President, Harper, Judson and Burton Administrations Records 1869-1925. Digital Collection","bczw16f1ng2tb","2013-05-13T12:20:04.509674"
"University of Chicago. Office of the President, Harper, Judson and Burton Administrations Records 1869-1925. Digital Collection","hq7r6ttmv93dc","2013-07-15T15:30:29.268857"
"University of Chicago. Office of the President, Harper, Judson and Burton Administrations Records 1869-1925. Digital Collection","rk7mw5gsqfmh1","2013-08-19T15:45:27.761790"
"University of Chicago. Office of the President, Harper, Judson and Burton Administrations Records 1869-1925. Digital Collection","h7tpmms8sftkg","2013-10-08T13:47:59.160983"
"University of Chicago. Office of the President, Harper, Judson and Burton Administrations Records 1869-1925. Digital Collection","k0zxmz2nzh4xw","2013-10-24T09:56:42.474150"
"University of Chicago. Office of the President, Harper, Judson and Burton Administrations Records 1869-1925. Digital Collection","wsrp3xs3chwsb","2013-11-26T11:50:34.381182"
"University of Chicago. Office of the President, Harper, Judson and Burton Administrations Records 1869-1925. Digital Collection","bvc0wq5dds6zj","2014-04-17T10:09:40.774217"
"University of Chicago. Office of the President, Harper, Judson and Burton Administrations Records 1869-1925. Digital Collection","nxv5xk0swqhzj","2014-04-30T09:48:48.422216"
"University of Chicago. Office of the President, Harper, Judson and Burton Administrations Records 1869-1925. Digital Collection","f99h2dtw20dpj","2014-06-19T09:58:22.798145"
"University of Chicago. Office of the President, Harper, Judson and Burton Administrations Records 1869-1925. Digital Collection","c9h9qg82336mj","2015-07-14T15:54:14.271413"
"University of Chicago. Office of the Registrar. Records. Addenda","dw45t6kd9tdx5","2013-07-29T16:55:47.848263"
"University of Chicago. Office of the Registrar. Time Schedules","s4r7wpsv81frt","2013-07-29T16:58:28.580543"
"University of Chicago. Office of the Registrar. World War I Service Records. Digital Collection","n5p40q0w0x1d5","2011-09-19T13:53:04"
"University of Chicago. Oriental Institute. Publications","k9vddwjzfmb4x","2014-03-28T11:55:55.329688"
"University of Chicago. Oriental Institute. Publications","d7qp7t4s6mv5z","2014-08-11T11:48:24.107979"
"University of Chicago. Oriental Institute. Publications","01q0xxhfc3qmg","2014-11-14T15:44:36.202627"
"University of Chicago. Oriental Institute. Publications","zbvf8dbkhtqhh","2015-05-26T15:35:17.986542"
"University of Chicago. Undergraduate Philosophy Club. Records","x5hqnffdn9pcs","2012-01-24T12:15:47"
"University of Chicago. Veterans Day Recognition Program. Records.","fqzd51sjfp2fj","2013-01-30T10:35:45.456059"
"University of Chicago. Veterans Day Recognition Program. Records.","5sb3ng0ns4g3g","2013-09-27T12:20:23.873209"
"Verse. Records","zh5qxk1cqpv1b","2015-01-27T15:57:20.465332"
"Verse. Records","n715k0njxzv1c","2015-02-12T11:57:17.211798"
"Video Collection. Digital Collection","75f47j2pr0kkn","2012-10-05T12:40:18"
"Wagoners’ Guild of Apolda, Germany. Digital Collection","rz9jbft6s4h93","2012-11-21T10:37:58.451676"
"Walker, David W. Papers","p87rfwf2p9hjr","2015-01-28T13:24:59.051135"
"Walker, David W. Papers","tnfrd7mqxv39v","2015-09-04T11:26:02.460887"
"Wandering Folksong. Digital Collection","r7ddskpcz8stv","2013-09-25T11:50:42.509501"
"Wells, Ida B. Digital Collection","acd0q7q6r3w","2009-11-25T14:40:54"
"Whitman, Walt, ""The Bible as Poetry."" Digital Collection","zjx3q8qjjzsk6","2012-12-14T15:43:40.538911"
"Winston, Thomas. Digital Collection","acg7f7j7838","2010-12-06T12:47:17"
"Woodruff, Timothy Lester. Digital Collection","bdvhd3ktnbgp2","2012-11-21T10:33:36.107936"
"Wool, Ira G. Papers","xgtcdb60z45f4","2014-10-27T12:27:36.690857"
"Wool, Ira G. Papers","7vh6j746jtmtc","2014-10-29T13:01:05.295404"
"World's Columbian Exposition Records. Digital Collection","8zvhg5d1d2jjw","2014-09-22T09:36:23.182074"
"York, Don. Papers","acz708w3901","2010-12-22T09:44:32"
"York, Don. Papers","act9d1q4s47","2011-01-06T13:29:00"
"York, Don. Papers","pnwsnb5p2t6jg","2014-07-15T12:03:11.081785"
"Yoshitoyo, Ichiryusai. Mashin teate kiho no ben, Makiyama Sensei dempo. Digital Collection","q891jzvjjz29x","2012-11-27T10:27:53.456569"
