"collection title","accession id","accession date"
"Allen, Sue and Greer. Collection","gwstjc1jzzfk9","2015-01-27"
"Amberg, Alan, Gay History Collection. Digital Collection","jnmvw164drv6c","2012-11-12"
"American Association for Public Opinion Research. Records","hg2t9mx37x6zn","2013-12-09"
"American Association for Public Opinion Research. Records","g8gffpvg1g1d9","2013-12-17"
"American Association for Public Opinion Research. Records","4sd58104j8r6w","2014-12-01"
"American Association for Public Opinion Research. Records","1hx66z7rr3fjg","2015-02-12"
"American Association for Public Opinion Research. Records","0109jsfrztdcf","2015-09-29"
"American Environmental Photographs. Digital Collection","acq6q9q0t50","2008-03-19"
"American Recipes. Digital Collection","ac62b2x158k","2011-03-29"
"Anania, Michael. Digital Collection","zcnsv73v9482n","2012-11-12"
"Anastaplo, George. Papers","b46qm824q9fg5","2014-05-16"
"Anastaplo, George. Papers","5wkj5tfc8mf7m","2015-02-05"
"Anders, Edward. Papers","g9cmp99trrkbj","2015-02-06"
"Anderson, William H. and the Anti-Saloon League. Digital Collection","acp2w18638n","2011-03-29"
"Archicofradía del Santísimo Sacramento y Caridad. Digital Collection","f6f9vmkgpvtw1","2011-09-13"
"Archival Monographs. Digital Collection","q0sv101h5j954","2012-03-28"
"Archival Photographic Files Series II, II Addenda, III and IV Metadata [obsolete]","ac000000001","2008-04-03"
"Archival Photographic Files [obsolete]","ac37k748g5t","2008-03-19"
"Archival Photographic Files, Series: II [obsolete]","ac39k16692f","2008-03-19"
"Archival Photographic Files, Series: VI  [obsolete]","acq2s1k561r","2010-12-14"
"Audio Collection, Cassettes. Digital Collection ","sg7sk74gdfpf1","2012-11-12"
"Audio Collection, Cassettes. Digital Collection ","d20xq4zgw0kjg","2014-04-24"
"Audio Collection, Harper Tapes. Digital Collection ","zvzhx8f385ts1","2012-11-12"
"Audio Collection, Harper Tapes. Digital Collection ","xsszvf745d4bs","2014-09-23"
"Audio Collection, Office of Radio and Television, Conversations at Chicago. Digital Collection ","jsn8n2g1tfc04","2012-09-20"
"Audio Collection, Office of Radio and Television, Conversations at Chicago. Digital Collection ","s8v75fkh6wmjf","2012-11-07"
"Audio Collection, Office of Radio and Television, From the Midway. Digital Collection","mcdw38tw5rnnx","2012-09-25"
"Audio Collection, Office of Radio and Television, From the Midway. Digital Collection","1f36sths5qqc2","2013-08-28"
"Audio Collection, Office of Radio and Television, From the Midway. Digital Collection","w1scq55t5qvnd","2014-09-23"
"Audio Collection, Office of Radio and Television, From the Midway. Digital Collection","ms8rnx1z2c93s","2015-09-14"
"Audio Collection, Reel Tapes. Digital Collection","06fwk0pg11v7b","2012-11-12"
"Audio Collection, Wire Recordings. Digital Collection ","47mc2b2h629pn","2012-11-12"
"Austen, Ralph. Papers","xpgx1bt2n50s7","2014-06-26"
"Bakwin, Dr. Harry and Dr. Ruth Morris Bakwin. Soviet Posters. Digital Collection","r94w93dw5ncv2","2012-11-27"
"Baldwin, Loammi. Digital Collection","act0g8f4m4f","2011-03-29"
"Beck, Robert. Papers","sd6x0wsrs148x","2014-12-30"
"Beck, Robert. Papers","dcqnv0whd3fkv","2015-09-30"
"Bekker, Immanuel. Digital Collection","s7tt6hd03r7fc","2011-09-19"
"Bellow, Saul. Digital Collection","3b4gj9sbjwsnt","2012-12-12"
"Bertola, Wayne. Collection","1p9dtkxz86fq0","2013-09-09"
"Bogue, Donald J. Papers","mtz731rccspmh","2015-01-27"
"Bogue, Donald J. Papers","zjc2thq1r6w9f","2015-01-28"
"Brainerd, Mary Bowen. Digital Collection","xtpbs9b10stbm","2011-09-19"
"Browning, Don. Papers","h09rqc97p7fn0","2015-01-28"
"Browning, Don. Papers","tp8gt1f7hs43f","2015-09-18"
"Butler-Gunsaulus. Digital Collection","mjgv7cd59tqdt","2013-04-08"
"Caballero, Fernan. Digital Collection","znswmhzbtz867","2011-10-31"
"Camille, Michael. Papers","xv93p5w640729","2015-02-09"
"Camille, Michael. Papers","dgr2rq782s1dh","2015-08-27"
"Campus Publications Digital Collection","mr4bj958qs5dc","2011-06-10"
"Campus Publications Digital Collection","j7nt8hx3hwzd5","2011-06-10"
"Campus Publications Digital Collection","2s71kqkg89fgq","2011-06-15"
"Campus Publications Digital Collection","6v70z39j9vgc2","2011-06-16"
"Campus Publications Digital Collection","cfjgj31g02gg0","2011-06-20"
"Campus Publications Digital Collection","fqr6nc9bvzmb1","2011-06-23"
"Campus Publications Digital Collection","5gcq3n8pxjzsw","2011-07-21"
"Campus Publications Digital Collection","psccz8dqk3c2d","2011-07-25"
"Campus Publications Digital Collection","t6ggdbf3fgdk2","2011-07-25"
"Campus Publications Digital Collection","j7w806c9xbsb0","2011-07-25"
"Campus Publications Digital Collection","2036zz1q99cp6","2011-07-26"
"Campus Publications Digital Collection","56pk8ggqvqs2v","2011-07-26"
"Campus Publications Digital Collection","kz8zsx188hzr3","2011-07-26"
"Campus Publications Digital Collection","n4cg28cnz5sc3","2011-07-26"
"Campus Publications Digital Collection","7d331rcvjncrr","2011-07-27"
"Campus Publications Digital Collection","r089znx8pc4fm","2011-11-21"
"Campus Publications Digital Collection","pr9fjs2dtn4pj","2012-01-25"
"Campus Publications Digital Collection","xg33bt6bk3k7s","2012-02-09"
"Campus Publications Digital Collection","0wh19dztggpd8","2011-12-12"
"Campus Publications Digital Collection","j4r6schrjnv62","2012-09-18"
"Campus Publications Digital Collection","jwpmn1p86szg7","2012-11-13"
"Campus Publications Digital Collection","nfgwxqrv2m4rr","2012-11-27"
"Campus Publications Digital Collection","8sm8f7n01m3k5","2012-12-04"
"Campus Publications Digital Collection","17w1z2v4fjcz0","2013-03-06"
"Campus Publications Digital Collection","vbd22dxrxr5xw","2013-03-28"
"Campus Publications Digital Collection","t8xzfqfx07k74","2013-04-26"
"Campus Publications Digital Collection","8rvz3dbzd3s2j","2013-07-15"
"Campus Publications Digital Collection","9xbpbx4z3s0v3","2013-07-15"
"Campus Publications Digital Collection","s9gx23kjrzvh8","2014-01-21"
"Campus Publications Digital Collection","bqrhbgxr1tp4x","2014-01-21"
"Campus Publications Digital Collection","wf13zxt7k408j","2015-02-04"
"Campus Publications Digital Collection","4bhmpwjcnfsc5","2015-06-29"
"Campus Publications Digital Collection","16r5hf53f045t","2015-07-27"
"Campus Publications Digital Collection","fqpgj2vbd5jv6","2015-07-27"
"Campus Publications Digital Collection","wh503589sj5hh","2015-08-06"
"Campus Publications Digital Collection","hpctwgwbd4kkb","2015-08-24"
"Campus Publications Digital Collection","zw4xczwm89dkq","2015-09-08"
"Campus Publications Digital Collection","gfvv98j8j5wcn","2015-09-08"
"Campus Publications Digital Collection","jsrfb0tc9tvff","2015-09-11"
"Campus Publications Digital Collection","2mn4w1c38cq4t","2015-09-22"
"Campus Publications Digital Collection","5k6f554szkjtp","2015-09-22"
"Campus Publications Digital Collection","8ss4zsz1qxgx4","2015-09-24"
"Campus Publications Digital Collection","j99fm7wmsznwr","2015-12-14"
"Carter, Henry Kendall. Digital Collection","5czk96ph841fb","2013-12-06"
"Carter, Henry Kendall. Digital Collection","ct896ddqqd8md","2015-07-22"
"Century of Progress: The 1933-34 World's Fair. Digital Collection","acv4b6v9b0s","2008-03-19"
"Century of Progress: The 1933-34 World's Fair. Digital Collection","x0r8d6xfx7t5z","2011-07-06"
"Century of Progress: The 1933-34 World's Fair. Digital Collection","b6mkwr2p6xc3s","2014-12-23"
"Chandrasekhar, Subrahmanyan. Digital Collection","203tmn0jpr6hv","2012-11-06"
"Chandrasekhar, Subrahmanyan. Digital Collection","dt5nsckbhsrm9","2015-09-28"
"Chicago Committee of Fifteen. Digital Collection","1z8md9h689b1k","2012-01-10"
"Chicago Public Library. Robert S. Abbott-John H. Sengstacke Family Photograph Collection","acw962b2z0f","2010-10-08"
"Closeted/Out in the Quadrangles, Oral Histories. Collection","vh6fxjc04fsmn","2015-02-10"
"Clowes, Daniel. Archive","j6rg7838b08hz","2015-02-12"
"Clowes, Daniel. Archive","nk2nn0n1t044b","2015-08-24"
"Crosby, Patrick F. Collection","chccn0rj0ntjq","2013-03-28"
"Crosby, Patrick F. Collection","2w0b22bfsztg0","2013-04-01"
"Crosby, Patrick F. Collection","px61jkvg87fth","2013-04-25"
"Dam, Kenneth. Papers","ssj0sh3ksb30z","2013-08-12"
"Danos, Michael. Papers","s6rxtptcw31tt","2015-02-09"
"Darwin Centennial Celebration. Digital Collection","1wbvtndg9f12b","2012-11-05"
"Darwin Centennial Celebration. Digital Collection","dvg92d5s6070z","2013-07-16"
"Davis, Jefferson, Trial Papers. Digital Collection","ac06w962b36","2010-12-03"
"Divinity School. Records","5p1kc2vbn4kmj","2013-02-12"
"Donnelley, R.R. Records","1cgccjssjwn3p","2015-02-11"
"Duckworth, Sir John Thomas. Digital Collection","x4djcp9gvzn1p","2013-07-22"
"Durrett, Reuben T., Collection on Kentucky and the Ohio River Valley. Digital Collection","pj5r854wcjd75","2013-10-02"
"Eggan, Fred. Digital Collection","89fc07g0qv8kr","2012-01-25"
"Eggan, Fred. Digital Collection","8c4bzdg78q5zc","2012-09-12"
"Eggan, Fred. Digital Collection","ck1ds6fnkhjdb","2012-11-05"
"Elliot, William I. Papers","c54cphh3jjhj9","2015-02-06"
"Elshtain, Jean Bethke. Papers","jpp077wv0zcvq","2014-08-08"
"Elshtain, Jean Bethke. Papers","bc4qcthgf5vf5","2014-12-17"
"Elshtain, Jean Bethke. Papers","sjsrfmvmsdnzf","2015-09-28"
"Elshtain, Jean Bethke. Papers","jtkmv2q2dkp8c","2015-09-28"
"Elshtain, Jean Bethke. Papers","mhc38qfh05brf","2015-09-30"
"Field, Eugene. Correspondence. Digital Collection","xfrp418w2pj5w","2011-12-23"
"Film Collection, DVD","8h0cnr1jv8hxp","2014-08-08"
"Film Collection. Digital Collection","mskjwk1868kp1","2012-10-01"
"Film Collection. Digital Collection","7zpvvcktcj2ms","2012-10-01"
"Film Collection. Digital Collection","rtf2qpbbqczgp","2012-10-02"
"Fitzpatrick, Sheila. Papers","6gdgxw0zz5gpp","2012-09-07"
"Fitzpatrick, Sheila. Papers","pwd8bzhz6bsfq","2015-09-15"
"Flood Editions. Records","vwg17gt5019z5","2015-01-27"
"Flood Editions. Records","4xt9x9h14msm7","2015-10-01"
"Fogel, Robert W. Papers","s52cfh209tr6b","2015-02-03"
"Fogel, Robert W. Papers","fs8rmh11rp3j2","2015-09-29"
"Fogel, Robert W. Papers","w4z7whtcszhsg","2015-09-29"
"Friedman, Milton. Papers","w396jw5s7tmm5","2010-12-02"
"Friedmann, Herbert. Papers","dcsck2f6jkb22","2014-06-06"
"Friedrich, Paul. Digital Collection","d2q09b31sn4x8","2012-09-11"
"Geertz, Clifford. Digital Collection","xgckxcf22qpxs","2012-09-12"
"Geertz, Clifford. Digital Collection","kr0nq6s3p3jp5","2012-09-27"
"Geertz, Clifford. Digital Collection","pz2fgrg66bkmf","2015-09-18"
"Ghez, Susanne. Papers","9b62jgpczx5c6","2014-12-22"
"Glatzer, Nahum. Collection of Leo Strauss","acf7j778605","2011-02-17"
"Goodspeed Manuscript Collection. Digital Collection.","fpnrxkp1wj69p","2014-07-17"
"Goodspeed Manuscript Collection. Digital Collection.","w9rdpbt1g8kgf","2014-12-19"
"Goodspeed Manuscript Collection. Digital Collection.","hp4j7g3ph0hc5","2015-07-28"
"Goodspeed Manuscript Collection. Digital Collection.","q5hsfz58g46cw","2015-09-23"
"Goodspeed Manuscript Collection. Digital Collection.","q4d6hmn2g84dg","2015-12-15"
"Gottschalk, Louis. Digital Collection","jb69b13thvqb7","2012-11-05"
"Hansen, Miriam. Papers","p2b2j6mh17930","2015-02-06"
"Hansen, Miriam. Papers","3pr9jbpb9b3v2","2015-10-01"
"Harris, Chauncy D. Papers","ac44h6c0t90","2010-12-03"
"Hart, Schaffner and Marx Labor Agreement. Digital Collection","f9m56f10m86k8","2012-11-27"
"Heaton, David F.  Papers. Digital Collection","hqr0gz435p0mm","2011-12-21"
"Higinbotham, William A. Papers","2pvg9t0tcqvz8","2015-01-28"
"Hine, Daryl. Papers","xsss6d811380j","2012-11-21"
"Hughes, Everett C. Digital Collection ","34bp1dkm6b8dp","2012-11-12"
"Hughes, Everett C. Digital Collection ","cqq42692hpffh","2014-12-08"
"Hutchins, Robert M. Digital Collection ","rmh1nxtf0x16b","2012-12-20"
"Hyde Park Center. Digital Collection","jhfhcpmqvq38j","2014-02-14"
"Hyde Park Historical Society. Digital Collection","wtn2w7d6vz11j","2012-11-21"
"Hyde Park Historical Society. Digital Collection","vj9r2990h6r1c","2013-04-12"
"Hyde Park Historical Society. Digital Collection","xb5fnvj4ptqpq","2013-08-01"
"Hyde Park Historical Society. Digital Collection","6bdhbcfvhwxd5","2014-03-07"
"Hyde Park-Kenwood Community Conference. Records","zhbfmkw6gmjjt","2012-09-07"
"Hyde Park-Kenwood Community Conference. Records","w66kc77wq72ww","2015-02-09"
"Jackson, William Henry. Photographs. Digital Collection","78g0w4tdrk87j","2011-12-23"
"Jacobson, Leon O. Papers","00pr6xc8q2t3c","2015-01-28"
"James, Stafford. Collection","80x5fd21k54z1","2013-02-20"
"James, Stafford. Collection","26qbc42h8pv2k","2014-01-03"
"James, Stafford. Collection","zm1dnqqw84zmd","2014-03-07"
"James, Stafford. Collection","nh23j88zgqcwq","2014-04-01"
"James, Stafford. Collection","580tqmfgvg2f1","2014-09-22"
"James, Stafford. Collection","91vv808944z8w","2015-01-21"
"Jazz Institute of Chicago, Audio Collection, Don DeMicheal. Digital Collection","79gx1bqsmwd3v","2012-09-18"
"Jazz Institute of Chicago, Audio Collection, Don DeMicheal. Digital Collection","jmq0c9zxrswnc","2012-12-05"
"Jazz Institute of Chicago, Chicago Jazz Festival. Digital Collection","c31f3vk10zm61","2013-10-01"
"Jazz Institute of Chicago, Chicago Jazz Festival. Digital Collection","9w2ddmm50193q","2015-08-06"
"Jazz Institute of Chicago, Oral Histories. Digital Collection ","6dvhvpm8cdqfh","2012-11-21"
"Joseph Halle Schaffner Collection in the History of Science. Digital Collection","rpw2p1rws3vbv","2012-11-07"
"Journal of Political Economy. Records","2jkp19dsv735r","2014-05-15"
"Journal of Political Economy. Records","6kd7wcr6t48hh","2015-09-04"
"Katz, Friedrich. Papers","s7cg3dtjw08kf","2015-02-10"
"Kirsner, Joseph B. Papers","rgg4sxvjw1t1v","2015-02-11"
"Klutznick, Philip M. Digital Collection","ack554d6p5z","2010-12-02"
"Konstantinov, Aleko. Collection","6hdx7jh3h180h","2013-11-04"
"LVNG. Records","nctz0zb9pcw5b","2015-02-09"
"Lach, Alma. Papers","560m5drp8fmgf","2014-06-26"
"Lach, Alma. Papers","dk4ng5xhv99d5","2014-07-14"
"Lach, Alma. Papers","zkr2v69dqf9x8","2014-12-31"
"Lach, Donald F. Papers and Addenda","jgz84wjvpzxk9","2014-08-01"
"Lafayette Manuscripts. Digital Collection","0d1mgctzx3z0f","2012-11-06"
"Lane, Ebenezer, Family. Digital Collection","5bs0z91dw83rd","2014-09-22"
"Lee, Elon N. and Edson S. Bastin. Digital Collection","acx835m3407","2011-03-29"
"Lee, Yuan T. Papers","hb264xqq8h1gf","2013-05-15"
"Leo Strauss Center. Leo Strauss lectures. Digitally Remastered Audio Files","acc0t7d7p0s","2010-06-11"
"Lewis, Fielding. Digital Collection","acr1p4v5c1j","2010-12-06"
"Lincoln Collection, Lincoln Miscellaneous Manuscripts 1587-1924. Digital Collection","k5crkqzm9g9pc","2011-10-17"
"Lowitz, Leza. Papers","7m57kbvs7p604","2015-02-06"
"Lowitz, Leza. Papers","7ts65hqm7jv9v","2015-02-09"
"MacLane, Saunders. Papers","acn3z805x8v","2010-12-02"
"MacLean Center for Clinical Medical Ethics. Records","5xxpw29vxxhfw","2015-02-09"
"MacLean Center for Clinical Medical Ethics. Records","c4s03hdzqzpk5","2015-02-09"
"MacLean Center for Clinical Medical Ethics. Records","3r8c95rmq0t92","2015-02-11"
"MacLean Center for Clinical Medical Ethics. Records","85psj7t2pxf91","2015-08-11"
"Mahon, O'Gorman . Digital Collection","t9mp2hnzx0mv7","2011-09-14"
"Marty, Martin E. Papers","jdtfc1rzkv3p8","2013-07-16"
"McHenry, Katherine Alice. Collection","9vvwz3d673z7d","2014-12-19"
"McQuown, Norman A. Digital Collection","d4kz164ffmn56","2014-02-20"
"McQuown, Norman A. Digital Collection","8kz5421z3kz6v","2014-11-17"
"McQuown, Norman A. Digital Collection","b1sm73p3bv0d6","2015-09-14"
"Mead, George H. Papers","97mmpj7x2fg1r","2013-05-20"
"Merriam, Charles. Digital Collection ","qqvkd361hwffp","2012-12-20"
"Metz, Charles. Papers","90jfz5jnkfgvs","2014-01-22"
"Metz, Charles. Papers","rxtk607k7fh6f","2015-02-11"
"Middle Eastern Posters. Digital Collection","acv99213v7b","2010-12-06"
"Murdock, Fanny Bristol and Sarah Bristol Family. Digital Collection","6hg3phv7s3bpm","2013-07-23"
"O'Hara, James E. Digital Collection","zgsxvxn2p03ft","2012-12-05"
"Ogburn, William Fielding. Interview. Digital Collection","8js0c9sq0sb22","2012-11-06"
"Old University of Chicago. Digital Collection","2w91jzzhxh2ph","2014-11-07"
"Old University of Chicago. Digital Collection","r0jbssrc0d3h8","2015-07-14"
"Olmsted, Charles E. Papers","2fs7zktx3r5t1","2015-01-02"
"Origin of Man Symposium. Digital Collection","0z5m8p9j7c4b7","2012-02-10"
"Paper Dolls. Digital Collection","8cx3bgc30qv80","2011-09-19"
"Papers of Abraham Lincoln. Digital Files","j1x43nxrn730h","2011-07-11"
"Payne, Catherine R. Papers","2rw44qb59pxvk","2012-09-07"
"Peterson, Raymond O., Film Collection","rk08f5kth9m98","2012-09-27"
"Pew Forum on Religion and Public Life. Records","gks6hj0jnhqc0","2013-11-01"
"Platzman, George W. Papers","ac72737081p","2010-12-13"
"Platzman, George W. Papers","qdq3v38w0fgz0","2015-10-01"
"Polanyi, Michael. Digital Collection","jdp7qv6w6dqrg","2012-10-03"
"Postcards on Wright's Airplane Ascension at Le Mans. Digital Collection","dpkp4gtshcxrh","2013-12-04"
"Ramanujan, A.K. Papers","x43gqv8054f04","2015-02-05"
"Ray, David. Digital Collection","5hpz3zwkzkptq","2012-11-06"
"Redfield, Robert. Digital Collection","58bbgtx41cwjf","2012-02-10"
"Renaissance Society. Records","zd73cvr3kz0d7","2013-08-12"
"Research Institutes Library, Records. Digital Collection","339d4z3kkg821","2012-10-01"
"Rose & Chess: Le Roman de la Rose & Le Jeu des échecs moralisé. Digital Collection","p44x0m2f59mp2","2012-12-06"
"Rosenberger Collection. Ludwig Rosenberger. Judaica Collection","f9z5618p2pwgd","2014-04-24"
"Rosenthal, Robert. Papers","fp4639kmwqvq9","2015-02-09"
"Rowley, Janet D. Papers","4nxk32gzpkz6h","2014-07-14"
"Rowley, Janet D. Papers","jm5v78htb1t93","2015-01-28"
"Saller, Richard. Papers","acw28340k78","2007-01-18"
"Schneider, David. Digital Collection","khnp5w5skc05f","2012-09-12"
"Schwab, Joseph. Digital Collection ","dhhg6g35hvk35","2012-11-12"
"Scott, William T. Digital Collection","55j0t8cs68zr1","2012-11-05"
"Shapey, Ralph. Digital Collection","0rn7z1hzg0wd1","2012-12-12"
"Shepherd, David. Digital Collection","k936s0mk5cvr0","2012-11-06"
"Silverberg, James. Digital Collection","3msz144wmhszr","2012-09-11"
"Simpson, John A. Papers","gkhbz2sn3sjq6","2010-12-02"
"Sinaiko, Herman. Papers","h6wcnvq5z05qd","2012-11-12"
"Singer, Milton. Digital Collection","08q4sppsgtf1b","2012-02-10"
"Singer, Milton. Digital Collection","rp7g1dfp9hkzc","2012-09-12"
"Singer, Milton. Digital Collection","xp1b2cvhr3fk6","2012-11-21"
"Sjaastad, Larry. Papers","cr84kf77tn9tf","2014-06-09"
"Slavery and Indentured Servitude Collection. Digital Collection","7d7zrrx23kj9p","2012-11-07"
"Slavery and Indentured Servitude Collection. Digital Collection","c5f42p4sk1gqd","2012-11-21"
"Sloan Digital Sky Survey. Records","ac9310v7b16","2009-01-06"
"Sloan Digital Sky Survey. Records","acp5v2c2t8k","2008-08-07"
"Sloan Digital Sky Survey. Records","acf0m815t70","2009-01-06"
"Starr, Frederick. Digital Collection","473b8bp997tgg","2012-11-27"
"Starr, Frederick. Liberian Research. Digital Collection","ac24q5r2p2s","2011-03-29"
"Starr, Frederick. Liberian Research. Digital Collection","ks3vm2wsq03dx","2011-12-21"
"Steed, Gitel. Digital Collection.","7v7ghg9qrtb31","2012-02-10"
"Steiner, John. Digital Collection","47bxvrjx0tc07","2012-11-21"
"Steiner, John. Digital Collection","tfcbk196cp5kp","2012-12-20"
"Stern, Richard G. Digital Collection","twczf31dgnp9x","2012-11-06"
"Strauss, Leo. Digital Collection","dqcw0zvvn8p62","2012-12-12"
"Student Papers and Ephemera Collection","dhfj3h6wtktdx","2014-06-26"
"Tax, Sol. Digital Collection","v7tswf41nbm2f","2012-09-12"
"Tax, Sol. Digital Collection","0vkmkfs873v3m","2012-09-12"
"Tax, Sol. Digital Collection","f9jqgm49bj25f","2012-09-13"
"Tax, Sol. Digital Collection","zs6dtct5kqwpd","2012-10-03"
"Tax, Sol. Digital Collection","34cv6h74knh8w","2012-11-28"
"The Chicagoan. Digital Collection","p1sv6dvvkprzx","2012-11-21"
"The Chicagoan. Digital Collection","cqrjp95v66gbp","2013-02-25"
"The Chicagoan. Digital Collection","1zfxcz7vxzzg7","2013-03-18"
"The Chicagoan. Digital Collection","3xfhcjz628rqf","2013-03-25"
"The Chicagoan. Digital Collection","r72mbhp5kfgrq","2013-04-25"
"The Chicagoan. Digital Collection","jnfhpdx63bx32","2013-05-20"
"The First American West: The Ohio River Valley, 1750-1820. Digital Collection","ac18s3j972x","2009-03-16"
"The First American West: The Ohio River Valley, 1750-1820. Digital Collection","ac659407w8h","2008-08-01"
"The First American West: The Ohio River Valley, 1750-1820. Digital Collection","acj87564b2s","2008-10-14"
"The Speculum Romanae Magnificentiae. Digital Collection","zx04kzdr7htxs","2012-12-06"
"The Speculum Romanae Magnificentiae. Digital Collection","9v36jfn9q636g","2014-12-23"
"Tyler, Ralph. Digital Collection","5h612kz6wnfkb","2012-11-12"
"University of Chicago Library. Special Collections Research Center. Exhibition Catalogs. Digital Collection","ac47g7f7j8x","2006-04-24"
"University of Chicago Library. Special Collections Research Center. Exhibition Catalogs. Digital Collection","r92gk1bkdhp4x","2013-01-16"
"University of Chicago Library. Special Collections Research Center. Exhibition Catalogs. Digital Collection","x0nvnh95c9n30","2015-07-21"
"University of Chicago Photographic Archive Series I","313x0d5g8p88g","2012-12-12"
"University of Chicago Photographic Archive Series I","fm29nnkmdbdbm","2013-02-18"
"University of Chicago Photographic Archive Series I","h5xpz4g753v3d","2013-05-15"
"University of Chicago Photographic Archive Series I","p755r11r9vj83","2013-07-16"
"University of Chicago Photographic Archive Series I","z6xvks6f3s143","2013-10-28"
"University of Chicago Photographic Archive Series I","kg7cd04fxr208","2014-03-10"
"University of Chicago Photographic Archive Series I","g8c153wngbcs7","2014-07-22"
"University of Chicago Photographic Archive Series I","f0x2m346djzw0","2015-03-23"
"University of Chicago Photographic Archive Series I","91r13mwrzv913","2015-05-13"
"University of Chicago Photographic Archive Series I","bn715c6rb557k","2015-10-19"
"University of Chicago Photographic Archive Series II","1ctj40dm7f3tq","2011-11-30"
"University of Chicago Photographic Archive Series II","nc41vq1gz4q3w","2015-08-11"
"University of Chicago Photographic Archive Series III","bg44cdsqmhckh","2011-11-30"
"University of Chicago Photographic Archive Series III","wk7gff201z84r","2015-08-17"
"University of Chicago Photographic Archive Series IV","sn1wcrfhhw6tc","2011-11-30"
"University of Chicago Photographic Archive Series VI","t3d0hq5h1qpmn","2011-11-30"
"University of Chicago Photographic Archive Series VII","xvntkb2jw61tg","2012-07-28"
"University of Chicago Photographic Archive Series VII","rzm4dwd9wcq7n","2015-10-21"
"University of Chicago President's Oral History Program. Records","63rzzrm4zxdx3","2011-10-06"
"University of Chicago President's Oral History Program. Records","9mvx57qhq1vw9","2011-11-10"
"University of Chicago President's Oral History Program. Records","x240khhwxtc89","2011-11-15"
"University of Chicago President's Oral History Program. Records","z0kb1wghrmd1j","2012-04-06"
"University of Chicago President's Oral History Program. Records","sdr0ttb6c3ns9","2012-09-07"
"University of Chicago President's Oral History Program. Records","kkd8zhzt1xpxk","2013-01-16"
"University of Chicago President's Oral History Program. Records","npw06hd0fkg3n","2013-04-05"
"University of Chicago President's Oral History Program. Records","rg3kbn9v849b0","2013-10-08"
"University of Chicago President's Oral History Program. Records","8n41d5vj2vkx9","2013-12-05"
"University of Chicago President's Oral History Program. Records","zhc3z51p747ss","2015-10-13"
"University of Chicago President's Oral History Program. Records","f2tb2sm9nmz50","2015-11-05"
"University of Chicago. Alumni Association. LGBT Alumni. Records","m5zbtqsxx0bj6","2012-01-24"
"University of Chicago. Alumni Association. Records","01cbnw43srvqh","2015-02-06"
"University of Chicago. Archival Photographic Files","r86kz6pz0968q","2012-03-31"
"University of Chicago. Archival Photographic Files","c6kc3g428h3tk","2012-04-09"
"University of Chicago. Archival Photographic Files","vrpv46c0j4pqj","2013-04-05"
"University of Chicago. Archival Photographic Files","v32h0t8k93fnj","2014-09-23"
"University of Chicago. Board of Trustees. Minutes","z5r8dk5scmwb5","2011-12-02"
"University of Chicago. Board of the Library. Minutes","8trf9j3htc19k","2014-06-26"
"University of Chicago. Campus Publications","5jhfgt47cv9r1","2013-09-27"
"University of Chicago. Campus Publications","4406hfm3np4sn","2014-09-23"
"University of Chicago. Campus Publications","qj02m0f1r779p","2014-11-20"
"University of Chicago. Campus Publications","s121b5wfdx3h6","2015-07-22"
"University of Chicago. Campus Publications","f1w03hrfv8gw3","2015-10-29"
"University of Chicago. Campus Publications. University Directory","m9g77x2vhch4x","2014-02-07"
"University of Chicago. Campus Publications. University Directory","1fgtbdgjf38rc","2014-04-29"
"University of Chicago. Campus Publications. University Directory","xgtcdb60z45f4","2014-07-11"
"University of Chicago. Campus Publications. University Directory","f5q04jtgtr3dw","2014-10-02"
"University of Chicago. Campus Publications. University Directory","7940gnv0zn877","2014-12-11"
"University of Chicago. Campus Publications. University Directory","s720q8bd1vpcz","2015-02-04"
"University of Chicago. Campus Publications. University Directory","ggk23mvhdhzqm","2015-07-23"
"University of Chicago. Campus Publications. University Directory","qzm1z9kt50009","2015-10-28"
"University of Chicago. Center for Gender Studies. Oral History Project. Records","ac09w089234","2006-10-25"
"University of Chicago. Center for Population Economics. Records","4mcrxr2zg54n8","2014-06-04"
"University of Chicago. Department of Education. Records","q1m4qn63v32g5","2015-01-28"
"University of Chicago. Department of Physical Education and Athletics. Records","3vzjtrqsbfb59","2014-06-26"
"University of Chicago. Department of Physical Education and Athletics. Records","2ccwdbpr9m699","2015-01-29"
"University of Chicago. Department of Physical Education and Athletics. Records","w6x9hfr58g0sb","2015-08-21"
"University of Chicago. Department of Physics. Records","ggw965wrqt5qj","2014-08-08"
"University of Chicago. Department of Physics. Records","m8z9r06c818zw","2015-11-09"
"University of Chicago. Department of Sociology. Digital Collection","jq3rz5vjcx60b","2012-10-02"
"University of Chicago. Development and Alumni Relations. Records","9wzj0z57whwt2","2014-12-15"
"University of Chicago. Division of the Humanities. Poem Present Reading and Lecture Series","acb4w57470x","2008-03-19"
"University of Chicago. Facilities Department. Records","cf2k10nbdgrjn","2013-03-18"
"University of Chicago. Facilities Department. Records","j7xppb90qggtz","2013-11-01"
"University of Chicago. Film Studies Center. Records","xcz79tgfg8951","2015-08-05"
"University of Chicago. Film Studies Center. Records","xcz79tgfg8951","2015-08-05"
"University of Chicago. Folklore Society. Records. Addenda.","ch7x861bmmzhg","2013-02-07"
"University of Chicago. Founders' Correspondence. Digital Collection","bkvkn0jt6wws3","2012-11-27"
"University of Chicago. Laboratory Schools. Records","c4bk9jct728xw","2015-02-09"
"University of Chicago. Laboratory Schools. Work Reports. Digital Collection","8jxbk68jsx1n1","2010-12-07"
"University of Chicago. Law Review. Records","gjg5qzxds090x","2014-09-22"
"University of Chicago. Law Review. Records","cvj7n15gkkd2f","2014-12-22"
"University of Chicago. Law School. Chicago Unbound","9qgxv42vmbm68","2014-01-22"
"University of Chicago. Law School. Chicago Unbound","x7vq84jmvnr47","2014-04-09"
"University of Chicago. Law School. Chicago Unbound","j8j26874zzkd5","2014-07-07"
"University of Chicago. Law School. Chicago Unbound","67dzxbhkgpcbf","2014-08-22"
"University of Chicago. Law School. Chicago Unbound","wsvxw08tp4h7v","2014-10-02"
"University of Chicago. Law School. Chicago Unbound","6m97gn17792rg","2015-01-02"
"University of Chicago. Law School. Chicago Unbound","16zwngh1jncvx","2015-04-14"
"University of Chicago. Law School. Chicago Unbound","x68bwgskqmwnj","2015-08-05"
"University of Chicago. Law School. Chicago Unbound","76c45fdt5w1kw","2015-10-05"
"University of Chicago. Law School. Derrick Widmer, MCL 1968","1d2pjkkb8844f","2014-06-26"
"University of Chicago. Law School. Digital Collection","gw34t0vcfcsvq","2013-10-02"
"University of Chicago. Law School. Law Students Association. Records","tk7wpcpv230m3","2015-02-06"
"University of Chicago. Law School. Photographs. Digital Collection","acm815t2g90","2007-03-05"
"University of Chicago. Law School. Records","ac8340j8783","2009-10-21"
"University of Chicago. Law School. Records","acf8j48733g","2010-07-08"
"University of Chicago. Law School. Records","ack651f5k98","2011-03-07"
"University of Chicago. Law School. Records","w82tch0btbs4x","2013-01-25"
"University of Chicago. Law School. Records","0f2sdtc6g9vxh","2013-05-31"
"University of Chicago. Law School. Records","djk8fw78zc8nh","2013-11-26"
"University of Chicago. Law School. Records","qkbtzft5n04dc","2014-03-14"
"University of Chicago. Law School. Records","rwpv8dqx2qp15","2014-11-05"
"University of Chicago. Law School. Records","40j5b2nzk0rzt","2014-12-01"
"University of Chicago. Law School. Records","1p9p3pfsnmr24","2015-01-21"
"University of Chicago. Law School. Records","s1mk15m5wgdqw","2015-02-04"
"University of Chicago. Law School. Records","w6tpcwd7hzfpn","2015-07-21"
"University of Chicago. Law School. Records","5k4zfc8xsn8pt","2015-07-23"
"University of Chicago. Law School. Records","7qb4p6r17sk1q","2015-09-01"
"University of Chicago. Legal Forum. Records","gz4vd78665n4t","2013-04-05"
"University of Chicago. Library. Bookplates","ach7b7v6b6c","2010-12-02"
"University of Chicago. Library. Digital Preservation Collection","ac01z417s6n","2008-03-19"
"University of Chicago. Library. Digital Preservation Collection","acb9v0c8r7g","2010-12-07"
"University of Chicago. Library. Digital Preservation Collection","jzg224qzd3k4q","2011-05-13"
"University of Chicago. Library. Digital Preservation Collection","bqhv058b9sv4w","2011-05-13"
"University of Chicago. Library. Digital Preservation Collection","82rv9t5z218mx","2011-05-13"
"University of Chicago. Library. Digital Preservation Collection","2dgszrpzwqh5n","2013-11-01"
"University of Chicago. Library. Digital Preservation Collection","gwctxtrgc95nv","2014-04-16"
"University of Chicago. Library. Digital Preservation Collection","qpkwd3zf9x61k","2014-05-07"
"University of Chicago. Library. Digital Preservation Collection","3dkz8ctw9d25v","2014-05-21"
"University of Chicago. Library. Digital Preservation Collection","vbg1q8tj46whm","2014-06-09"
"University of Chicago. Library. Digital Preservation Collection","4nvdxnmqh1qfj","2014-07-07"
"University of Chicago. Library. Digital Preservation Collection","gdwqxq5xcdzdt","2014-07-15"
"University of Chicago. Library. Digital Preservation Collection","wzvt3g4d9fvc9","2014-08-01"
"University of Chicago. Library. Digital Preservation Collection","zj5zkwn4b8c14","2014-08-20"
"University of Chicago. Library. Digital Preservation Collection","cv7b6gr9rfskg","2014-08-27"
"University of Chicago. Library. Digital Preservation Collection","jgdbmxz3nkwp6","2014-09-17"
"University of Chicago. Library. Digital Preservation Collection","j4xtgjsjwm803","2015-07-30"
"University of Chicago. Library. Digital Preservation Collection","kbf4jzkg5213w","2015-07-30"
"University of Chicago. Library. Digital Preservation Collection","c132dzsbfr30w","2015-07-30"
"University of Chicago. Library. Digital Preservation Collection","qv14s9pd8pk0f","2015-08-03"
"University of Chicago. Library. Digital Preservation Collection","vcczmsm37r1fv","2015-08-03"
"University of Chicago. Library. Digital Preservation Collection","t6wbr4wm2d16q","2015-08-04"
"University of Chicago. Library. Digital Preservation Collection","dx59nwhsjbsv1","2015-08-04"
"University of Chicago. Library. Digital Preservation Collection","fx5qk70dnm1sk","2015-08-04"
"University of Chicago. Library. Digital Preservation Collection","jf2mqdjs110gp","2015-09-30"
"University of Chicago. Library. Digital Preservation Collection","9940702t7cdhh","2015-11-02"
"University of Chicago. Library. Digital Preservation Collection","q8j44rzh5kqv8","2015-12-15"
"University of Chicago. Library. Kathleen A. Zar Symposium","ac46h0d8n5m","2009-09-18"
"University of Chicago. Library. Kathleen A. Zar Symposium","n38v0xrxmqw84","2011-10-10"
"University of Chicago. Library. Mansueto Library. Records","t3c62c0d3q813","2011-07-28"
"University of Chicago. Library. Mansueto Library. Records","03635br6z23n3","2014-06-26"
"University of Chicago. Library. Map Collection. Digital Collection","ac36m039k2h","2010-04-22"
"University of Chicago. Library. Map Collection. Digital Collection","ac55d3p8t5d","2009-02-18"
"University of Chicago. Library. Map Collection. Digital Collection","acg1h5c3t3d","2008-03-19"
"University of Chicago. Library. Map Collection. Digital Collection","ach0d8n4036","2007-06-21"
"University of Chicago. Library. Map Collection. Digital Collection","acq3r8m4352","2010-07-06"
"University of Chicago. Library. Map Collection. Digital Collection","acq5r2p1x1p","2008-04-22"
"University of Chicago. Library. Map Collection. Digital Collection","acv3b9v0d7g","2008-04-16"
"University of Chicago. Library. Map Collection. Digital Collection","qz0zz15zfp84m","2011-06-14"
"University of Chicago. Library. Map Collection. Digital Collection","xr415g9kzgj04","2012-10-10"
"University of Chicago. Library. Map Collection. Digital Collection","4zzh1msvxt447","2012-10-11"
"University of Chicago. Library. Map Collection. Digital Collection","s2hkstkt2zd7s","2013-06-05"
"University of Chicago. Library. Map Collection. Digital Collection","k0ppthd0f40j6","2013-07-10"
"University of Chicago. Library. Map Collection. Digital Collection","6g1snz3npj6w4","2013-07-15"
"University of Chicago. Library. Map Collection. Digital Collection","dzs3brzn21c4c","2014-07-11"
"University of Chicago. Library. Map Collection. Digital Collection","p22h53d88h9ng","2014-09-03"
"University of Chicago. Library. Map Collection. Digital Collection","x0971s4d8g8wb","2014-09-23"
"University of Chicago. Library. Map Collection. Digital Collection","5tjx455hx89bg","2014-10-02"
"University of Chicago. Library. Map Collection. Digital Collection","qtfqw1cqvm4xq","2014-11-05"
"University of Chicago. Library. Map Collection. Digital Collection","8p744w5wg44g0","2014-11-20"
"University of Chicago. Library. Map Collection. Digital Collection","tp47t5814rk22","2014-11-26"
"University of Chicago. Library. Map Collection. Digital Collection","vn50rh4nxczrw","2015-01-28"
"University of Chicago. Library. Map Collection. Digital Collection","hqvsjx7mjc8xd","2015-08-05"
"University of Chicago. Library. Map Collection. Digital Collection","8118k41z04xm0","2015-08-14"
"University of Chicago. Library. Map Collection. Digital Collection","hbc3rkzgmj5zd","2015-10-20"
"University of Chicago. Library. Office of the Director. Judith Nadler. Records","fjrgvf1rpjb0m","2015-02-03"
"University of Chicago. Library. Office of the Director. Judith Nadler. Records","c4sbv5482h9g8","2015-02-10"
"University of Chicago. Library. Office of the Director. Judith Nadler. Records","vfk2qb20smggr","2015-10-01"
"University of Chicago. Library. Records","acs3j972818","2009-06-17"
"University of Chicago. Library. Records","f46vct635q656","2012-02-07"
"University of Chicago. Library. Records","1db1n032wpqh2","2015-10-01"
"University of Chicago. Library. Records","z5s3fk7hm9n67","2015-11-12"
"University of Chicago. Library. Special Collections Research Center. Departmental. Archives Unit. Records","5n67pkqzp8rdt","2015-01-28"
"University of Chicago. Library. Special Collections Research Center. Exhibitions and Conservation (Preservation). Records. Addenda","c7pjkqz44nxgf","2012-10-04"
"University of Chicago. Library. Special Collections Research Center. Exhibitions and Conservation (Preservation). Records. Addenda","82s7wft3t88dw","2012-11-12"
"University of Chicago. Library. Special Collections Research Center. Exhibitions and Conservation (Preservation). Records. Addenda","633cgb3wzp83v","2013-09-12"
"University of Chicago. Library. Special Collections Research Center. Exhibitions and Conservation (Preservation). Records. Addenda","n1mt4czhwnqgz","2015-02-09"
"University of Chicago. Library. Special Collections Research Center. Records","ach8b4w579p","2010-01-06"
"University of Chicago. Library. Special Collections Research Center. Records","acr3n8x3585","2010-04-13"
"University of Chicago. Library. Special Collections Research Center. Records","ntb5521jvjvb0","2012-03-28"
"University of Chicago. Office of the President, Harper, Judson and Burton Administrations Records 1869-1925. Digital Collection","sknhk42831hjf","2012-08-09"
"University of Chicago. Office of the President, Harper, Judson and Burton Administrations Records 1869-1925. Digital Collection","zq6mrqzr19dfv","2013-01-29"
"University of Chicago. Office of the President, Harper, Judson and Burton Administrations Records 1869-1925. Digital Collection","2nd1986fczrxq","2013-03-21"
"University of Chicago. Office of the President, Harper, Judson and Burton Administrations Records 1869-1925. Digital Collection","bczw16f1ng2tb","2013-05-13"
"University of Chicago. Office of the President, Harper, Judson and Burton Administrations Records 1869-1925. Digital Collection","hq7r6ttmv93dc","2013-07-15"
"University of Chicago. Office of the President, Harper, Judson and Burton Administrations Records 1869-1925. Digital Collection","rk7mw5gsqfmh1","2013-08-19"
"University of Chicago. Office of the President, Harper, Judson and Burton Administrations Records 1869-1925. Digital Collection","h7tpmms8sftkg","2013-10-08"
"University of Chicago. Office of the President, Harper, Judson and Burton Administrations Records 1869-1925. Digital Collection","k0zxmz2nzh4xw","2013-10-24"
"University of Chicago. Office of the President, Harper, Judson and Burton Administrations Records 1869-1925. Digital Collection","wsrp3xs3chwsb","2013-11-26"
"University of Chicago. Office of the President, Harper, Judson and Burton Administrations Records 1869-1925. Digital Collection","bvc0wq5dds6zj","2014-04-17"
"University of Chicago. Office of the President, Harper, Judson and Burton Administrations Records 1869-1925. Digital Collection","nxv5xk0swqhzj","2014-04-30"
"University of Chicago. Office of the President, Harper, Judson and Burton Administrations Records 1869-1925. Digital Collection","f99h2dtw20dpj","2014-06-19"
"University of Chicago. Office of the President, Harper, Judson and Burton Administrations Records 1869-1925. Digital Collection","c9h9qg82336mj","2015-07-14"
"University of Chicago. Office of the Registrar. Records. Addenda","dw45t6kd9tdx5","2013-07-29"
"University of Chicago. Office of the Registrar. Time Schedules","s4r7wpsv81frt","2013-07-29"
"University of Chicago. Office of the Registrar. World War I Service Records. Digital Collection","n5p40q0w0x1d5","2011-09-19"
"University of Chicago. Oriental Institute. Publications","k9vddwjzfmb4x","2014-03-28"
"University of Chicago. Oriental Institute. Publications","d7qp7t4s6mv5z","2014-08-11"
"University of Chicago. Oriental Institute. Publications","01q0xxhfc3qmg","2014-11-14"
"University of Chicago. Oriental Institute. Publications","zbvf8dbkhtqhh","2015-05-26"
"University of Chicago. Undergraduate Philosophy Club. Records","x5hqnffdn9pcs","2012-01-24"
"University of Chicago. Veterans Day Recognition Program. Records.","fqzd51sjfp2fj","2013-01-30"
"University of Chicago. Veterans Day Recognition Program. Records.","5sb3ng0ns4g3g","2013-09-27"
"Verse. Records","zh5qxk1cqpv1b","2015-01-27"
"Verse. Records","n715k0njxzv1c","2015-02-12"
"Video Collection. Digital Collection","75f47j2pr0kkn","2012-10-05"
"Wagoners’ Guild of Apolda, Germany. Digital Collection","rz9jbft6s4h93","2012-11-21"
"Walker, David W. Papers","p87rfwf2p9hjr","2015-01-28"
"Walker, David W. Papers","tnfrd7mqxv39v","2015-09-04"
"Wandering Folksong. Digital Collection","r7ddskpcz8stv","2013-09-25"
"Wells, Ida B. Digital Collection","acd0q7q6r3w","2009-11-25"
"Whitman, Walt, ""The Bible as Poetry."" Digital Collection","zjx3q8qjjzsk6","2012-12-14"
"Winston, Thomas. Digital Collection","acg7f7j7838","2010-12-06"
"Woodruff, Timothy Lester. Digital Collection","bdvhd3ktnbgp2","2012-11-21"
"Wool, Ira G. Papers","xgtcdb60z45f4","2014-10-27"
"Wool, Ira G. Papers","7vh6j746jtmtc","2014-10-29"
"World's Columbian Exposition Records. Digital Collection","8zvhg5d1d2jjw","2014-09-22"
"York, Don. Papers","acz708w3901","2010-12-22"
"York, Don. Papers","act9d1q4s47","2011-01-06"
"York, Don. Papers","pnwsnb5p2t6jg","2014-07-15"
"Yoshitoyo, Ichiryusai. Mashin teate kiho no ben, Makiyama Sensei dempo. Digital Collection","q891jzvjjz29x","2012-11-27"
